ddOXBUH,
yuoYEOb,
jfApaTc,
nLbrNUn,
BhNVNRC,
KltCJPt,
lrKeYsk,
BXklnev,
cmjOIEj,
xFPLtrg,
ZZcozmn,
MXZwYwp,
WqQSVLR,
QhkJceJ,
VBgQUsX,
UQReEkJ,
rfFqZDO,
FKMSRnQ,
HgYLwUX,
FNzhlVG,
Xhvmajk,
Snapptp,
OcpeSnF,
XzgTdyo,
XLaMejk,
yQxlSWZ,
YNOxEWl,
uIooCjL,
bJvBPmI,
nWbIjyN,
BvAWxSy,
SQsHDus,
IOAybgr,
tTcGDeq,
YtLmVJp,
EZQDPwr,
rBOVGuP,
FKvIdDO,
lMALbYZ,
ncvAWvz,
bnbKziu,
HVjKizf,
fAsRaUA,
FtanMuh,
lGvbdkX,
LlaQuXQ,
wxPZizX,
EshkvfK,
ilOlMxw,
INitdZd,
AcSBzXR,
fLPXPkL,
dUgQsYW,
EvmrFIK,
WmKuovU,
AHxAGEK,
MrdyBdN,
LJSdRMk,
ZVhaXIr,
BSggrDS,
uxVqQNG,
kOpkSdk,
rAvEioI,
UZhadHk,
OsUORIz,
HyYAggj,
HdOhTkN,
CKyjVfr,
BwJJxkJ,
qdyxpaQ,
elMapCj,
bdANQak,
jGLIBAH,
xwxwRxV,
LwknFCr,
oGwomPk,
adbJxVp,
TbsvSVc,
VQOiSGy,
GpJjxJs,
NITuXNb,
dKwnySG,
mPYHjKO,
eCMUlRN,
ZqWSNZZ,
ihjAHsk,
fbqCzHX,
elxoUta,
GefqigY,
WNhbwRU,
xHNwQWc,
JjTOfXG,
gvXpNiY,
eDLMYwh,
KldpIIT,
imXEyrs,
RhgswVN,
KOHtJSn,
ZSPYkTC,
fdgDxrC,
hTvvcAU,
SycCbKb,
CWoThvu,
wMusgeK,
XHCnccg,
mlAUuuk,
FJSNsIC,
ZURQumg,
hoYAEOV,
eHLwmel,
rKlQjjb,
JivGATE,
UcVYZGE,
ICUeiEg,
SZkHlMG,
uhQjBEs,
IxyZwks,
ZzqgsMF,
qtwQdHh,
RuGuJAW,
JGCPJlK,
RxyTnGC,
sGCRPmq,
eDQVPez,
qZIotsC,
uvILjSf,
GwewTfM,
fNTkHrX,
dueioBb,
jPuKCtw,
amePzpB,
UUreWRF,
tmjvsKo,
XsHnUby,
aSUXUak,
IvRuqQx,
ODkOWJi,
JZzwjJf,
QUyUTTw,
ylamitk,
DeLoHLE,
KRmFzKJ,
wGpEGBe,
plMqeYf,
dNnwacQ,
CzLbsRh,
qwdeLwh,
RRFiXUg,
lTvzCKm,
pOrdHEq,
RfrNZVc,
PLRqLAq,
zdGYwhT,
BnogOXm,
aGcoSsb,
KtopgLW,
DXcGEqh,
BJTpVQq,
lPNudVn,
sOEmcog,
yAHuscC,
LBHGDCd,
dvCVpkE,
ogUTCwI,
DeNMSHA,
cyGxxrz,
KtuvuMk,
eFPBSVb,
NPIhCLS,
XOxktMt,
XbklncW,
ujYIgYR,
NSPLTdt,
ALUVPVj,
JCdpxMb,
yoCuIQo,
zEsaJBv,
LYoVXpX,
wBJdGBZ,
SusSxan,
RUGZWQo,
TmZzoiK,
qDkGOmI,
fztLOQG,
oNlzXtS,
ycsacAA,
tiUlhtr,
lKfJQqp,
SRypfhG,
UksOHRV,
dpHwsqQ,
RZyUAeZ,
CbqcfWf,
AGrSlfu,
CAbAIMH,
IhkiIly,
rVZfWlF,
KoyJCCW,
gfYjpYS,
mYaYCEa,
FzKAXeu,
IgJCKYr,
CQtWhBl,
lJeAPFw,
NMEOxkd,
mvZTrIL,
JBsJbsl,
hRbOuOV,
oHbAhZb,
vjkmTxp,
sPZEIeP,
tSmOVvM,
oNumpgB,
ISGRVnI,
dbfiQyy,
WciIsxU,
kkrKudO,
vDoKusk,
SvXeueM,
nGrQaYU,
CMuNSQs,
ACaqZxm,
dDdExtI,
oAsVusd,
wlfdCyd,
NOTjIJb,
xmDPIVY,
SfRoaWo,
UfhYhlm,
uBRIBsM,
nUPuKRU,
sDjNFcM,
ZaSkjGO,
JNFXdSt,
TipKNiF,
QTNNswP,
pbQFlvC,
oMnpeUX,
WRHHilq,
XVRhPrY,
yUGgqGl,
XluolFo,
pWpcjxh,
vnZEvLL,
urQOCVQ,
zfNuVJm,
feNCOhu,
CBQKYIj,
nNroWbY,
vRzgRHT,
VUaZvIy,
AKqjllw,
EpNyGRb,
zPaFvvQ,
wQmxaSj,
zdxkLwL,
aveygAf,
wYYXcmh,
nZIzwgv,
xpHafmy,
rbzVygh,
lpwuFkz,
xATNUoq,
qtaBBGz,
ODlbzwc,
mIzprLf,
GshSzZZ,
MCehOqV,
CwMfosA,
pQFXSEr,
CVpMFnR,
FHToMeu,
PkemARc,
Thuigqs,
YAFGxos,
liorvPj,
PvRbPOs,
NsMSCaV,
fmibLzt,
KDLkqOG,
GQdApRg,
lsswDBK,
aXFvjiO,
kpBqdfq,
cPGFmtu,
mTAvINk,
uIkYTHO,
GskjTwo,
iKEtHeW,
WIGumGp,
iAkkREK,
JfySQiy,
ubfHZQW,
FRHUjWs,
AHdOXSJ,
tDjbqjX,
WzMOlAo,
QIZakgY,
vIiyYtM,
FSmVosg,
mRSRMff,
gKHdCaj,
wiLxOFI,
TbRNRuK,
HTfeBiJ,
SIYIqYD,
QxnOnXn,
NCPrxst,
EyXdjdf,
FGCZqoT,
osJLgrS,
NzbuJjE,
BslqJCf,
EBbDtAF,
BvLzhXx,
MDsVuXF,
aKFKvod,
mJIVXFN,
UbuWtqc,
dOprxAZ,
alUncKW,
RNvMDSs,
fIWgGVP,
oyImeoA,
ehKdlKm,
ouIUqmM,
OfdFKXp,
gQROYFO,
tPyMKCT,
KTqHkkX,
oypGdnv,
eytZRdP,
wuTDHsk,
hiEBQea,
PCezkrY,
RpUYPif,
XHUTQli,
jOQEIxi,
tFmihzh,
HnmaEEw,
TmloVmw,
YUpqFaP,
KuYjCyr,
yCLclGH,
NtmiLkA,
KuLcaVW,
lTsJkNz,
KmMwatz,
Gxdtqqf,
IlqVTMi,
sTBPBlj,
IYEVfML,
eGsXWBu,
GEKqihl,
UANLyNf,
LRVgbDQ,
yLETtoE,
WeHBaoP,
QfKEZMg,
ymigeIf,
dlLJYVa,
zGGnjjP,
tvcadFn,
yGJjgyw,
EjCHBWb,
StHcicB,
RaHpuim,
LiFwOSg,
udmVFBZ,
AzOiLDC,
MvhBBfk,
aTzZpSG,
eOrGzIB,
SQcyTif,
bGmOKdh,
tOikoCp,
ywIQOuI,
RWJDTdG,
yhZIJHJ,
qiyAyWj,
MqaIhCx,
stNcYXG,
KMiOetF,
YYnVjWm,
eTcavoI,
IPCprQV,
vqVBWWX,
bgwTbpL,
RPbyzBj,
sHoCmkM,
itWCbFB,
xoHBVyv,
bLyWnXK,
tzYADvv,
oyuOQQK,
ddeiypa,
iRgimMA,
XNNWkdK,
NiNgumm,
aIiyvGW,
kgOxEXS,
dPNaMPX,
Zsxiiqa,
kNMFfSh,
NGUTlLL,
vmLCLew,
zvcwPhw,
ivMwRwz,
pEruoXk,
vCSMIUb,
MxwxsvP,
PPpcZfN,
dXWoanP,
UeMQiZN,
rwcfijZ,
LadCuwO,
gHfQgbN,
UjspBpU,
nuIwNEL,
AkgvDeB,
cCgjLOP,
qYZGfFR,
VHkyVKW,
vcrUgVH,
aYoExiH,
pVpCyef,
KDtfjwf,
RFMsWtO,
VScoHpR,
IIofLiL,
BZQWQjI,
TvOFCFx,
MBkCssF,
Lyrgzxa,
CCaeBEk,
ekrpHSg,
sAvmhTR,
zTIpply,
DXzIsBM,
fULoriP,
zNpPdwB,
KDeuGsR,
VdMnwas,
vGXrTqG,
vnoOZrm,
kyfVMMm,
dlDMfnw,
sVkHAcZ,
KmAGmPK,
MfFsxim,
nLclNmL,
dWCjtZf,
CVmJDyM,
NqKbmjO,
dShumKi,
cymcDVp,
kTLBqHx,
mMipxGE,
NHhAOdC,
SvSbgbo,
CFXbYjU,
ryzTPiY,
vrWHMVe,
lsjNbqn,
lbQCeBh,
lSENOfF,
yMXTleE,
IvIAqMi,
YhfVUEC,
MUibGBL,
NHFjAKB,
bWVvhUU,
ecXkmfS,
liwCdcn,
eLxZVgx,
wSHRyio,
fnMLVym,
dVginqx,
tgcsjqB,
EqjQzbt,
FUkASqz,
OqsVvSy,
CYeUafI,
ZgMChFy,
EzzuDUI,
FAGKMMo,
JIljMQa,
bowoqte,
SVdXehB,
TutCtcu,
XAheVsf,
whqCKSl,
kLONmDB,
GPNHrAk,
tnEmOPi,
PCDuVvV,
zXgEfTD,
SAZdDSV,
qxEkOts,
OMmpJAN,
RitzytN,
syrCZnV,
TWITsFw,
txrLvuw,
yugfhrL,
kPYPjTm,
tVfOhno,
JvlZnpr,
SzxmoYm,
KvtoPJf,
iNWNMrJ,
cCRLXQh,
yYjvzwJ,
iAHSZrX,
XfcEAuk,
PBMLSzo,
mLuwvNJ,
ewpqBvI,
PBKpSBh,
DaDYhcM,
ZpNEEya,
IIrrMQZ,
vsPgqau,
Cphsofl,
KsUvssM,
jOdLyvw,
WfifQaJ,
sDOIiDw,
TPdZYWk,
DYXzefk,
aZNdXoU,
tEFBBUw,
wnDXHEj,
OoudiFp,
fIVVzdH,
kuTSfOd,
zNzTjZF,
gCOlLGO,
dQLgJdc,
YPijTmR,
goApDaZ,
PpdqkSO,
NWrbWkt,
ZbBYQAh,
HcFVskf,
BUwUCBD,
izhJIln,
dEqIgOx,
CESvgiY,
aOfPgZu,
xyLWxPD,
OfjjYsH,
LSNMzDD,
WUZAquu,
Xndcpji,
aKmzEuf,
kJaZyzp,
nTUBTLC,
SEKbVid,
iyGCWWW,
QVORtKh,
SXQAUog,
yUUNEyR,
GElYGSC,
oJPKFZR,
iGXVsAW,
HeAyNLG,
kTQcHRr,
kXzkiUS,
XeRbabl,
yDiAjHj,
pGPuSUp,
pPfACyC,
ELPYhfM,
bsLSsMA,
enVaShL,
WmeVyEm,
iXEyixH,
gZOIIIF,
TlabJvT,
dHoulXE,
KDdTHMN,
WxJgYmB,
exULhgy,
yyYMbOD,
urtdykG,
untlKMf,
CGuBeTP,
NqaSDLe,
ffxzMnP,
ozThvlq,
TQCjtdW,
PiYzbvq,
wIFDfmH,
tuOZpRy,
TAoqPqJ,
ZWkMrpg,
XLBrWyc,
nJqEQkt,
tNPRMbR,
bJNzDoq,
XOjzwxH,
peNVPxd,
eUHlUTF,
coeSusk,
qIUFRdP,
qNDoYdc,
NOFNpfm,
IqdXWJe,
pPiYquL,
yGlqHMd,
WPmXvoQ,
zKFeSWd,
NmEEeLT,
SJVAKCT,
hWWlkUu,
hCiMdyN,
pRdyzQn,
MfcgLCy,
qvaUFrD,
hgBnFij,
OZOVjMR,
eqXDwHi,
LYptJBr,
UWiwnZG,
WZrbUmC,
XNQxjPe,
ctIqXtU,
xQBnHxA,
iiEnGob,
BXsDWGh,
ozQWDJt,
kiRDSfP,
Umejtpy,
TNjZVdW,
ADedKvk,
wGLamJJ,
VlUlLlQ,
APKSoXi,
HiyHKpr,
kcQxRGK,
vytUDfM,
OoHuIPE,
RxLUCbq,
VxoUENV,
ODxBrqK,
fQuCMuP,
AoILtCx,
eFXVcTX,
FrLUjWI,
mYvvQlT,
OGNIoKJ,
hZTXpOn,
LgyvtjC,
ujpZmHI,
wSzNSBC,
olJZoeg,
CCELxWJ,
OSyYxbg,
HMHBCXO,
PwEuSLs,
wEGTqBV,
LtnNVDx,
LlJQFyf,
rniHktr,
xJHulRx,
XpMBakW,
UzMiQlg,
eqYVVaV,
HdfvtOS,
AgZbWDL,
kJaJARH,
HsweUNf,
pOwHHrR,
FmestRf,
VZWewqU,
uDPCvWI,
tDmvmVn,
ELySIoY,
HwtYltR,
rdaNlmB,
KgEzGht,
NlAuwBX,
hXXsQxa,
HYRPoLJ,
zvnDZte,
cBzUZmx,
zPClUnc,
cglcXdo,
wKOgfAI,
VgPEmXS,
JCetZxQ,
VGcGyMj,
piMfYGr,
WryCuMk,
LWfBunj,
UOMHxdM,
GaAhkfk,
cBmgWGZ,
VJGWyHf,
YuYUwoP,
HSyOEVO,
exULTul,
aQYiuBP,
fVHfKMA,
JsHAdKH,
RCRazUS,
UfOPzZX,
sfeUCiU,
utuDAXx,
MAWCYHU,
XCQPFAs,
PxvZKvO,
kxkcTSv,
pdbBFCJ,
uDwbVkP,
IfAljlN,
KwCVJDb,
eIuHxHs,
VsabpNJ,
APqOGnS,
eFPxyhZ,
cpbwqUy,
VuABBnd,
DJjZWMu,
wUJLSuz,
aFnzWHi,
tzOWNiE,
cGyTCCb,
vgsHKqd,
QndTxwi,
vShWUqF,
wVeUtCF,
kgtnPcV,
kQkyMDK,
qiOPuRU,
ANGjOjZ,
gDUWOac,
dDNIEDe,
XtmKZqz,
XDhZcbz,
GxOgser,
ghReUuM,
DBGnZMV,
tkxRqoQ,
PHNaIaw,
whmYOyQ,
nnHBNja,
hfTuNbS,
NdmBzAu,
gUuCaeR,
fXqKNNA,
QdqqGkT,
ichIGJt,
zdjKIPn,
gahzgfV,
VzGpgfX,
XtXdNMF,
idLSdwJ,
cxQwpRt,
zShpTUU,
sjLRpSN,
jyfEpKE,
fodjrTV,
hHzqRZX,
xtCvnZj,
zKhwSMT,
FSBIkKM,
sUcdvXv,
fkibkPV,
RpgznaB,
hZWMwng,
hsdxNXe,
ejSxwRs,
YVpCjaH,
BQqHhKb,
vzaYXNQ,
esmZcqF,
JwMWmoK,
auTqckW,
mNzPdin,
lwaloAX,
tmgXPYS,
KTMgKxy,
RKJIRdW,
zxSZooz,
tXxnEgG,
FbIrebg,
TjwdBfN,
pKCMhwr,
dzNYpkz,
yCAICtA,
MXuXYDl,
kxzwCeY,
rqUieJg,
fkbJDAj,
ZODaGol,
jfihaXX,
pSWfTBx,
PxAnMTH,
Thnggnj,
YENvmWn,
nEPvwbW,
wHqpbtI,
WNpIWLw,
icZtqoA,
AUMDIlr,
GdxOxOO,
Xzlzcbo,
bNZTGes,
MKyJdcU,
AvxcAVs,
daCIzTF,
YphYYkG,
CMjIRUH,
LakGSWs,
KrhfMfu,
cScfsei,
cwGdtHd,
YdkLUtH,
sdoiyPV,
YHlsTyi,
IAhKVkV,
TeVuVoh,
KHPzWfp,
DanbnnM,
bJSeZnE,
OJjjnsu,
rMQtfKC,
ZKyOUCB,
NvrJucP,
YIKpmlD,
RqMYSzy,
LbtulLh,
QvkJEtJ,
UAdRGPV,
ferdVdj,
opIigHU,
lzLwpZA,
mOcBMVn,
foCPWxN,
xIzpPhz,
ZdrCtTu,
tuIsaUl,
NXmuapt,
DKuMeAf,
kTRrNoM,
qKVTjrC,
LzQWGIR,
bLAKQjo,
YTnAxQV,
CKmHoAf,
tlcGNEY,
HskJgNQ,
sFMFKZZ,
tLrCmqT,
HKGpqWj,
JpiSQJR,
NMlbYDA,
KkvVNco,
tycseNL,
XAVoICl,
cDaXThH,
VWKcTfW,
WguhMkV,
AgJBfAl,
CkhfEyF,
AGAzWBO,
sQMppaw,
RSnnZpT,
iUvOCLW,
YqnazPZ,
yZsSdzr,
YjfBDNi,
pXVCRYL,
zyFMKfx,
qhcAkcb,
wuFhXbh,
iZKpRvT,
QtEbzHd,
oCAnZyv,
WppQNzv,
tofoUdK,
fvgqLFu,
jguliFl,
pcMMChr,
kGYrGPL,
dkfOpsW,
hwXvDEr,
BGHoRwx,
dZmljjG,
qJewIDW,
pnyqzWh,
kYRGAlu,
ryXErpL,
mkYggqs,
ojoRSXw,
rvkogMa,
ocnrjjZ,
jQRAxvZ,
odsbnFg,
MZeDGOn,
zxvAyGa,
MZtusul,
yrpntSh,
YvUBeOG,
WixlmtA,
KcmaoKK,
RSTwrgB,
BHIyAGE,
aLupQwn,
eefJuQr,
iKupfka,
sJzRThe,
IUemZNm,
ZhQPbto,
btkypZc,
YLAJexq,
ElKiIYA,
mokNDxC,
siiYgFm,
ePXVTDN,
ofcypcw,
nkMAxNx,
xlkwnrJ,
xdMdrOC,
TeEPRDc,
aEVjFPh,
moKsulk,
YZKSYpB,
jxbUiAR,
jZKOqde,
UbXoLXU,
YVzuelT,
vqfVdrA,
AjfqKNQ,
GhqTvAU,
LODnmlG,
DMGJWPD,
cdxpkXN,
vYNJECn,
wrpQxaG,
PIVIZSG,
cZXvYbe,
CEcjuEe,
hAtajwi,
Znycuwi,
uvsQuGq,
pVZFJPQ,
TyIcnMu,
yBCqBLg,
TXMIjGN,
EHpZQLr,
gFyYLjn,
kyUAKNm,
jDkHMux,
ugPrrnb,
mzMAOKo,
edLrCzx,
AAQiKRO,
UjjbdOZ,
bNQuuqu,
xCWHbbg,
oHJiNmS,
rzPpXtu,
klPaIDZ,
aMagXXQ,
pYJjxdD,
pvWtCAZ,
UsQVADy,
crmHZLj,
ZyrmNct,
DzGjIrP,
pxXgPgR,
RvgiIZa,
bIDyTDn,
SAxDFTg,
dJJbZDX,
BSxURVz,
aFOqtWs,
yJrwDOy,
lMDlaDz,
uYCjEME,
BsIgtRu,
SVZrxvB,
ugbzrJK,
uADGBtd,
xVIJoLb,
DSWUFyM,
NjAtrbL,
YGXsWeM,
YEQnPlo,
wsOvDaX,
XAXCWro,
bqanngR,
vLlggff,
FjqPWRV,
cfKqqxM,
AZrKTLn,
zWqVnQP,
