The Vagabond Mountain,
The Special Ant Pub,
The Latin Eagle Pub,
The Different Shirt Bar,
The Third Candle Pub,
The Aquatic River,
The Quickest Turtle Tavern,
The Blushing Adventurer,
The Rapid Librarian Bar,
The Wacky Goat Pub,
The Macho Angels,
The Dapper Plate Inn,
The Latin Zebra Tavern,
The Golden Pig Pub,
The Panoramic Panda,
The Clumsy Marigold Inn,
The Thundering Mosquito Inn,
The Wacky Bass Bar,
The Skillful Tankard Pub,
The Lucky Mole,
The Pathetic Bunny,
The Gigantic Oak,
The Real Pepper Inn,
The Panoramic Pistachio Pub,
The Nice Bee Inn,
The Mysterious Falcon Bar,
The Dwarvish Grape,
The Cowardly Cheese Pub,
The Icky Flute Bar,
The Rabid Carrot,
The Mixing Cashew Pub,
The Rare Elephants,
The Abstract Ape Bar,
The Delirious Hippopotamus Bar,
The Zealous Mosquito,
The Stately Rats Inn,
The Lively Turkey Bar,
The Blushing Cherry,
The Thin Opossum Inn,
The Bizarre Root Bar,
The Painful Twig Inn,
The Young Rats Bar,
The Mixing Pigeon,
The Peaceful Bee,
The Rare Pike Bar,
The Tricky Cod Inn,
The Responsible Dog Inn,
The Wild Albatross Inn,
The Cheap Bees Tavern,
The Faded Lyre Tavern,
The Abandoned Mind Pub,
The Hollow Melons Bar,
The Lucky Canary Tavern,
The Latino Arm,
The Sweet And Sour Knife Bar,
The Violet Dark Elf,
The Impossible Forest Pub,
The Lush Loch Inn,
The Gentle Horse Inn,
The Handy Knife Pub,
The Late Hawks,
The Abstract Pants,
The Perfect Orc,
The Steel Inn,
The Vulgar Snowfall,
The Jewish Doves Bar,
The Steel Chick Inn,
The Repulsive City Inn,
The Huge Spoon Bar,
The Limping Seagull Tavern,
The Aquatic Library Bar,
The Lush Horn,
The Venomous Egg Inn,
The Sour Leg,
The Rebelious Panther Bar,
The Cool Geese Tavern,
The Puny Shark,
The Old Explorer Tavern,
The Naive Angels Inn,
The Detailed Bunny,
The Rainy Candle,
Ye Olde Hammer,
The Famous Dragon Bar,
The First Trunk,
The Private Potato Tavern,
The Safe Reindeer,
The Unknown Turkey Bar,
The Vulgar Swallow Tavern,
Ye Olde Crew,
The General Queen Pub,
The Daily Shovel,
The New Dawg Tavern,
The Dirty Elephants,
The Unusual Tigress Inn,
The Efficient Hippo,
The Long Duduk Inn,
The Awesome Knight Tavern,
The Heavy Couple Tavern,
The Rapid Arm Inn,
The Peaceful Whip,
Peanut Gallery,
T P Miller's Bar & Grill,
Rick's,
Darwin's,
Rochester Mills Beer Co,
Castle Grille,
Bar Investment Group,
Crows Nest,
Cadillac Ranch,
Acme Comedy/Sticks,
Axis-Radius,
The Orchard Tavern,
Rusty Nail,
Maverick King Of Clubs,
El Paseo Bar & Grill,
Borrowed Bucks,
Chris Nicoletto,
EXCALIBUR PARK BAR,
Breakfast Bar Solutions,
Crazy Horse Bar Grill,
Crossing,
Triple A Bar,
Partners Cafe,
Stillwaters Inc,
New Direction,
Cheetah's,
Vintage Beer Cans,
Chihuahua Rescue,
Decoys Grill & Bar,
The Goldman Group,
Easy Street,
Dekalb Event Ctr,
Champions Sports Bar & Grill,
Voo,
Swamp Sports Bar & Grill,
Krave Nightclub,
Game Time/Riptide,
Jokers Sports Lounge & Casino,
Decatur Package Liquor,
Gyro Worldwide,
The Wine Smith,
Hangar,
Maloney's Bar,
Daddy Rabbit's,
Fifth Avenue Billiards,
Paragon,
Huangbros,
BOYD WINE SPIRITS,
Queen City Club,
Nutty Bar,
Mini Max Marble,
Denyce's Deli & Wine Shop,
Grand Avenue Tavern,
ABC Fine Wine & Spirits,
Belfry & Studer Consulting,
Limit Cocktail Lounge,
Dean S. Karlan,
First Tee,
Highlander Cafe & Pub,
Amber Inn,
Cookiemania Inc,
Blossoms,
Pioneer Grill & Saloon,
Divine Wine Tastings,
Alphabet Lounge,
Nameless Coffee House,
Jovan's Lounge Ltd,
Harmony,
Bullseye Sports Bar & Deli,
Esther's Follies,
Blue Luna Tavern,
Omar H. Green,
Spank's Gentleman's Club,
Grant's Brewery Pub,
Wippel Tavern,
Interstate Bar & Grill,
Under The Hill Saloon,
John Korner's Bar & Grill,
The West Virginia State Bar,
Toad's Place,
Brick,
Rock River Tap,
Timothy's On The Watefront,
Doctor Doodles,
Church Street Bar & Grille,
Limerick Lounge,
Rhythm & Brews-Route 33,
1899 Pub,
Chris Nicoletto,
Crazy Horse Bar Grill,
Francis Brock,
Blind Tiger Ale House,
Kabooz's Bar & Grill,
Office Pub,
Red Wine Obsession,
Rooster's Bar & Patio,
Sullivan's,
Red Barn Campground,
Orphan Annie,
Bar Of Wausau,
South Florida Newspaper Network,
Matts Bar,
Triple Play,
White Horse Inn,
Wilmington Village Pub,
Chumleys Bar,
Tempo Tamers Inc,
Plymouth Tavern,
Boogie Productions,
Pooh''s Corner,
Bottle Shop,
Sam's Cellar,
Jazzhaus,
Rooster's Den,
Black Duck Tavern & Grill,
Sandbaggers Sports Lounge,
Superior Painting And Wallpaper,
Fitz' Bar & Grill,
Traders Bar & Grill,
Decatur Package Liquor,
The Brauhaus,
Sanctuary,
Volcanic Eruptions,
NorthEnd Tavern,
Truman's Bar & Grill,
Preservation Pub,
Trumpets Jazz Club-Restaurant,
Floyds Place Beer And BBQ,
Whiskey Town,
J & S Fish Camp & Tavern,
Georges Younes,
Canal Street Tavern,
Saddle Club,
Gunsmoke Saloon,
Clark House,
Eli & Kathy's,
Track Shack,
Pivots Beach Club,
Comix Cafe,
Tick Tock's,
Rhythm & Brews-Route 33,
Kitty Kiernans,
The Travel Network,
Proactive Physical Therapy,
White Mountain Country Clb Bar,
J W Hill's Sports Bar & Grill,
Blue Moon Cafe,
Doc Ryan's,
Cheek To Cheek,
Cheetah Palm Beach,
Fast Track,
Ceres Press,
Gonzo's,
Dibble's Inn,
Zydeco,
Augies,
Powerhouse Pub,
Aces,
Cpj Of Santa Fe,
Bay Shore Inn,
Kabooz's Bar & Grill,
Cleats Of Strongsville,
Bumpers,
Donges Bay Clubhouse,
John's Fine Wine & Spirits,
Atria's Restaurant & Tavern,
Paolucci Restaurant & Lounge,
Purple Moose Saloon,
Marty's,
Mugsy's,
Next Best Place,
THE BLUE MOON TAVERN,
Little Red School House,
Essex Inn,
Pavo,
City View Tavern,
La Fonda Newsstand,
Fremont Keno,
P T's 1109,
Poppy's Sports Bar & Grill,
Club Xs,
Storyville Saloon,
Columbia Street Tap Room-Grill,
After Midnight Club,
Alternative Brews Inc,
City Bar Downtown,
Bijou Bar & Grille,
Loki Lounge,
Oak Grove Tavern,
Fulton Lounge,
Sportsman Inn,
L Beato,
University Club,
Wippel Tavern,
Tipitnas Uptown,
Bill's Blues,
LA Bare,
Fillmore,
Whiskey Tango,
Tavern On Mill,
Friendly Tavern,
Sonic One,
Paddy Murphy's Irish Pub,
Barney's,
Mango Mango-Rb,
Longhorn Tavern,
Mc Fadden's Saloon & Rstrnt,
Fitzwilly's,
Work Place,
C & A's,
Christys Cabaret,
Seanachie Irish Pub,
Underground,
Club 55,
Automatic Slim's,
Timbers IV Bar & Grill,
Flannagan's Dublin,
Pipeline Cafe,
Redroom,
Johnny G's,
B Of A Securities,
Bar Norfolk,
The P.i.t. Skate Park,
Eschbacher Engineering,
Straight Shooter,
Avalon,
Boomerangs,
Grand Wine And Liquor,
Maria C. Estabil,
Shooters Sports Bar,
All Occasions,
Badrutts Place,
Toc Bar,
Bugsy's Speakeasy,
Tradewinds Tropical Lounge,
Noctambus.com,
Swamp Sports Bar & Restaurant,
Wagon Wheel Village,
Holiday Liquor,
Mustang Sally's Saloon,
Bar Orlando,
Touche,
Harrys Chocolate Shop,
Villa,
J W Prepp & Co Ltd,
1899 Pub,
Brownstone,
Silver Dollar Saloon,
Texas Bar & Grill,
Blondies,
Plumm,
Extra Innings,
Claddagh Pub Of College Park,
Continental Club,
Sammys Last Cast Tavern,
C & A's,
Checkered Flag Sports Bar,
Allstars Sportsbar & Grill,
Carmody's West,
Fat Daddy's Night Club & Bar,
Bamboo Furniture Company,
Sports Page Grill & Bar,
Garden Inn,
Summit,
Blondies Saloon,
Croxley Ales Ale House,
Mai Tai Bar,
Club Casa Sports Bar,
Andrew Blairs Llc,
Iron Post,
Lot 1210,
River City Entertainment (D.b,
St James Hotel,
Schooner Inc,
Blue Iguana,
Henrietta Hudson,
Vertigo,
Grata Bar & Lounge,
Bear Butt Bar & Grill,
Gamers Tavern,
Md.i Inc,
Knickerbockers Bar & Grill,
Studebaker's,
Louisville Entertainment Inc,
Elementk,
Planet,
Dailey's Pub,
Nicholas Zeltzer,
St Henry Nite Club,
Sobo 151 Bar & Grill,
Bonney Lake Tavern,
Bo's 'N Mine,
Abbey Road Tavern,
Fillin Station Saloon,
Vito's On Penn,
Tail Spin Bar & Grill,
Motorheads Bar & Grill Inc,
Poppers Bar,
This Little Piggi Co.,
Sherlock's,
Scoreboard,
Party & Banquet Info,
Cabana Bar,
Patricks,
Wild Hare,
Euclid Tavern,
The London Wine Man; Inc.,
Shop,
Billy Goat Tavern,
Minnesota Apple Computer Users' Group,
Crobar,
Shooter's Saloon,
Ugly Dog Saloon,
Mix Bar & Lounge,
Kelly's Bleachers II,
Putting Green,
Fenton Bar & Grill,
Esquire Club,
Glass,
Schottzies Bar & Grill,
Sidewinders,
Enoch's Pub & Grill,
Texas Beer Company,
Corner Loft Designs,
C J's Pub,
Stoney's Rockin Country,
Manhattanmen.com-Male Stripper,
Western Place Bar,
Essex Inn,
Iberville's Bar And Grill,
Colony,
The Brick,
Bowery Poetry Club,
Loons On LA Crosse,
Sullivan's,
Madame Oar's,
New Horizons,
Arnold's Deli,
Chadwicks Pub & Sports Bar,
Enterprise T-Shirts,
Shadow Bar,
Town & Country Bar & Grill,
Hill,
Greenbrier Inn,
Pied Piper Bar & Restaurant,
Hiebel & Son LLC,
Peanut,
Kelly's Pub Too,
Napper Tandys,
Fantasy Fare