Ralph Potter,
Cody Valdez,
Julia McKenzie,
Beatrice Wise,
Janie Bryan,
Lottie Drake,
Myra Harmon,
Lewis Erickson,
Rose Campbell,
Jordan Pena,
Brent Norton,
Eleanor Smith,
Caleb George,
Todd Blake,
Olive Williamson,
Jon Parks,
Herbert Carter,
Phillip Vasquez,
Gussie Tyler,
Dean Hanson,
Joe Gross,
Nina Alexander,
Danny Stanley,
Floyd Mullins,
Oscar Nash,
Winnie Meyer,
Alex Brown,
Helena Ball,
Keith Bryan,
Justin Valdez,
Walter Montgomery,
Jeffrey Alvarez,
Ruth Parsons,
Amelia Walters,
Evan Hodges,
Andre Barrett,
Cory Underwood,
Gene Houston,
Jon Estrada,
Edna Huff,
Steven McDonald,
Katharine Lamb,
Madge Kennedy,
Chris Glover,
Marie Lindsey,
Lucy Howell,
Nina Mitchell,
Lela Mills,
Albert Jenkins,
Dora Coleman,
Adele Baldwin,
Derrick Knight,
Allie Richardson,
Isabelle Horton,
Iva Nguyen,
Ethan McBride,
Warren Bryan,
Isabella Casey,
Ophelia Jackson,
Tony Osborne,
Melvin Ruiz,
Donald Cummings,
Mike Russell,
Sallie Lambert,
Caroline West,
Marion Reynolds,
Jorge Wade,
Inez Holt,
Timothy Cortez,
Ola Newton,
Evan Guzman,
Lou Neal,
Fannie Hanson,
Rachel Gregory,
Norman Burke,
Roxie Blair,
Loretta Wise,
Ronnie Welch,
Esther Stokes,
Theodore Allen,
George Walton,
Zachary Higgins,
Della Harrison,
Fannie Watkins,
Lucinda Hall,
Jackson Wallace,
Melvin Berry,
Dale Hansen,
Eliza Porter,
Leah Riley,
Adelaide Salazar,
Chris Hammond,
Francisco Barrett,
Mary Edwards,
Eleanor Nguyen,
Mary Pena,
Daisy Singleton,
Josie Pierce,
Lee Vaughn,
Lee Robertson,
Maude Harmon,
Georgia Haynes,
Ryan Copeland,
Dennis Martinez,
Miguel Spencer,
Maud Wright,
Don Sanchez,
Alta Graves,
Virginia Francis,
Etta Powers,
Hallie Bass,
Matthew Simmons,
Duane Hogan,
Susie Gross,
Lucile French,
Olga McBride,
Clayton Huff,
Charlotte Reeves,
Lettie Morrison,
Stanley Nunez,
Vera Rodriguez,
Alta Pittman,
Gussie Becker,
Lulu White,
Lina Duncan,
Birdie Cobb,
Kathryn Rogers,
Brent Walker,
Jesus Gross,
Agnes Lamb,
Marion Harris,
Evelyn Bass,
Sean Yates,
Leroy Lawson,
Lily Willis,
Mark Gray,
Louise Long,
Rodney Manning,
Elnora Ingram,
Wayne Copeland,
Ethel Grant,
Ora Sullivan,
Bruce Pratt,
Phillip Hodges,
Emilie Greene,
Connor Ramsey,
Helen Price,
Elva Hughes,
Adele Nash,
Franklin Edwards,
Mollie Reynolds,
Raymond Benson,
Donald Hodges,
Adele Malone,
Gordon Nash,
Mathilda Fitzgerald,
Gene Moss,
Marie Tucker,
Mary Todd,
Clyde Curry,
Susan Welch,
Allen Newton,
Genevieve Robbins,
Evelyn Gomez,
Warren McKenzie,
Lucas McKenzie,
Lela Hayes,
Minnie McCoy,
Cornelia Strickland,
Danny Frazier,
Olga King,
Ronald Warren,
Lucy Miller,
Grace Mullins,
Winnie Bridges,
Sadie Singleton,
Erik Bates,
Nina Garza,
Jean Myers,
Fred Dixon,
Eleanor Ramos,
Manuel Kennedy,
Oscar Jimenez,
Floyd Phelps,
Jack Santos,
Devin Gray,
Estella Wade,
Caleb Morris,
Terry Ball,
Landon Francis,
Cecelia Fuller,
Lloyd Poole,
Mae Payne,
Nina Lucas,
Manuel Howard,
Daniel Dixon,
Scott Bush,
Annie French,
Leah McGuire,
Emily Mills,
Bertha Doyle,
Clarence Tyler,
Victor Fowler,
Christine Ross,
Frederick Gregory,
Myrtle Vaughn,
Dale Watkins,
Cynthia Simmons,
Johanna Harvey,
Cornelia Hansen,
Allie Alvarez,
Brent Anderson,
Augusta Stevens,
Kate Hayes,
Cody Hunter,
Alberta Hicks,
Arthur Cain,
Lillian McKinney,
Iva Howard,
Earl Hopkins,
Bruce Sanders,
Vincent Alvarez,
Sara Harrison,
Eunice Mack,
Dominic George,
Jesse Rice,
Raymond Bass,
Lucy Henry,
Brett Walters,
Iva Hudson,
Marie Pierce,
Duane Hall,
Randall Holloway,
Martin Huff,
Sallie Palmer,
Myra Erickson,
Millie Ellis,
Aaron Lindsey,
Aiden Cohen,
Alejandro Brock,
Nora Malone,
Ida Lloyd,
Gerald Strickland,
Jeffrey Schmidt,
Landon Garza,
Marguerite Howard,
Susan Rodriquez,
Christina Maxwell,
Emily Caldwell,
Milton McGuire,
Ricky Castillo,
Dustin Barnes,
Elijah Andrews,
Richard Daniels,
Stephen Romero,
Randall Welch,
Henrietta Hicks,
Milton Stewart,
Edna Cunningham,
Lucile Sandoval,
Richard Sanders,
Fred Benson,
Augusta Gordon,
Seth Simon,
Isabella Holloway,
Philip Dixon,
Noah McDonald,
Aaron Love,
Myra Barnes,
Christian Saunders,
Myra Valdez,
Florence Silva,
Luella Reynolds,
Mable Russell,
Amanda Collier,
Minerva Rogers,
Ray Rodgers,
Trevor Snyder,
Miguel Lopez,
Estelle Stephens,
Mario Hall,
Essie Gibbs,
Ian McLaughlin,
Ophelia Wagner,
Austin Walters,
Harriet Lawson,
Fannie Fleming,
Sam Rose,
Donald Webb,
Francisco Dixon,
Katie Zimmerman,
Vera Murray,
Alejandro Gill,
Charlie Hogan,
Ruby Parks,
Ethan Frazier,
Willie Chapman,
Chase Morales,
Derrick Goodwin,
Frances Martin,
Hester Valdez,
Lydia Holt,
Lucille Love,
Ruth Simmons,
Arthur Guerrero,
Celia Hall,
Loretta Lane,
Tillie West,
Ethan Hernandez,
Dollie Carr,
Philip Pena,
Milton Norris,
Mae Guzman,
Lottie Nunez,
Elizabeth Blake,
Claudia Rios,
Jacob Gomez,
Floyd Wilson,
Floyd Swanson,
Gerald Rogers,
Gary Lambert,
Cody Henderson,
Josephine Yates,
John Obrien,
Marcus Palmer,
Isaac Welch,
Adam Copeland,
Owen Holt,
Terry Reese,
Derrick Young,
Lester Reynolds,
Elnora Kim,
Jimmy James,
Randall Salazar,
Marion Hughes,
Lucy Dean,
Lula Knight,
Steven Mathis,
Theresa Allen,
Angel Drake,
Nathaniel Matthews,
Andrew Hogan,
Katie Moran,
Amanda Richards,
Herbert Hudson,
Nellie Morton,
Jean Padilla,
Sue Holmes,
Clyde Hamilton,
Della Williams,
Helen Mills,
Jeffery Daniel,
Albert Lambert,
Leona Cruz,
Raymond Reed,
Rosa McDonald,
Francis Chandler,
Elizabeth Brewer,
Jayden Lloyd,
Elnora Banks,
Jeffery Strickland,
Mathilda Norman,
Eleanor McCarthy,
Joel Murphy,
Elnora Lopez,
Vernon Ford,
Ellen Perry,
Shane Jenkins,
Nell Strickland,
Randall Dixon,
Cecilia Hanson,
Derek Wilkins,
Edith Bates,
Steve Ballard,
Charles Johnston,
Winnie Garner,
Lola Gray,
Teresa Alexander,
Dollie Mendez,
Hulda Kelley,
Leroy Fields,
Alex Vasquez,
Allie Burns,
Bryan Gill,
Charlie Ramos,
Aiden Lyons,
Ida Cain,
Fanny Brock,
Bobby Hawkins,
Laura Ball,
Lewis Jackson,
Verna Mathis,
Alejandro Marshall,
Eula Robbins,
Josie Murphy,
Marian Wood,
Raymond Simpson,
Daniel Cross,
Charlie Blake,
Alta Allison,
Frances Lee,
Marvin Barnes,
Nettie Ellis,
Francis Hale,
Beulah Montgomery,
Joshua Martinez,
Virginia Ingram,
Andrew Schneider,
Mitchell Nichols,
Harriet Warren,
Todd Andrews,
Katharine Summers,
Jessie Massey,
Clifford Barnes,
Johnny Lambert,
Tyler Hughes,
Hallie Willis,
Jordan Atkins,
Sarah Bates,
Brett Pittman,
Jeff Jenkins,
Eliza Allen,
Eugenia Morgan,
Eugenia Martin,
Mario Sanchez,
Benjamin Holland,
Darrell Drake,
Lettie Smith,
Gregory Carson,
Claudia Gordon,
Susan Paul,
Luke Webb,
Edwin Coleman,
Jason Carter,
Bobby Carson,
Patrick Swanson,
Susie Haynes,
Josie Goodwin,
Eliza Graves,
Hettie Hansen,
Isaac Santiago,
Tyler Salazar,
Sam Murray,
Allie Robinson,
Jay Grant,
Jordan Gomez,
Matthew Ellis,
Daniel Gregory,
Edwin Copeland,
Josephine Mitchell,
Seth Jordan,
Daniel Roberts,
Alberta Watkins,
Frances Wells,
Charlotte Barker,
Katherine Parker,
Sarah Newman,
Kevin Burton,
Fanny Hanson,
Bessie Rice,
Charles Christensen,
Sally Henderson,
Tommy Drake,
Ora Lawson,
Corey Estrada,
Katie Jennings,
Connor Byrd,
Dorothy Burns,
Tillie McKinney,
Gregory Bailey,
Franklin Maldonado,
Tyler Ortiz,
Callie Harris,
Madge Santiago,
Daniel Brewer,
Eddie Hogan,
Jessie Allen,
Lettie Hoffman,
Juan Carlson,
Carl Patrick,
Eddie Jefferson,
Emma Obrien,
Nelle Bennett,
Victoria Bryant,
Christine Matthews,
Estelle Colon,
Isaac Bridges,
Vincent Tyler,
Isabelle Barrett,
Linnie Lindsey,
Jimmy Austin,
Curtis Nash,
Jared Huff,
Abbie Kim,
Clayton Phelps,
Adele Day,
Jay Howell,
Sophia Phillips,
Christian Franklin,
Lizzie Henry,
Bruce Frank,
Willie Valdez,
Marvin Ross,
Randall Greer,
Lora Bradley,
Isabella Nelson,
Bessie Cooper,
Genevieve Clarke,
Miguel Kelly,
Austin Moody,
Sean Ortiz,
Don Maxwell,
Elmer Bailey,
Alma Carlson,
Cameron Crawford,
Katharine Howell,
Darrell Pearson,
Phoebe Burke,
Elnora Mack,
Maude Colon,
Edith Bennett,
David Howell,
Ora Perkins,
Blanche Mills,
Rena Murphy,
Henry Meyer,
Augusta Wilkerson,
Gregory Peters,
Howard Richards,
Brandon May,
Lena Castillo,
Gordon Flowers,
Gussie Lamb,
Harvey Fitzgerald,
Dale Adams,
Dale Ellis,
Theodore Morgan,
Jose Henry,
Mario Vargas,
Steven McDonald,
Charlotte McGee,
Leroy Osborne,
Miguel Valdez,
Peter Beck,
Myrtie Rice,
Shawn Nash,
Calvin Fields,
Christine Bennett,
Aaron Marshall,
Nora Hayes,
Jay Stewart,
Kate Daniel,
Christine Parsons,
Eunice Chambers,
Nora Arnold,
Caroline Porter,
Callie Santos,
Virginia Klein,
Eddie Weaver,
Mario Montgomery,
Beatrice Mann,
Joel Henderson,
Lucile Carson,
Nannie Hudson,
Lloyd Hernandez,
Marion Brown,
Jeanette Gregory,
Mario Barber,
Fanny Dean,
Christian Snyder,
Raymond Gross,
Linnie Fowler,
Francis Baker,
Daniel Collins,
Theodore Palmer,
Cordelia Parsons,
Steven McKinney,
Brandon Singleton,
Cameron Cole,
Julia Cain,
Kathryn Baker,
Christine Yates,
Luke Welch,
Sue McCarthy,
Lina McCarthy,
Rodney Holland,
Isabella Graves,
Christine Lyons,
Mildred Powers,
Cecelia Baldwin,
Polly Hall,
Devin Vaughn,
Shawn Duncan,
Winnie Sims,
Gabriel Greene,
Albert Garza,
Joe Conner,
Lydia Carroll,
Vincent Robertson,
Stanley Douglas,