Hocus Pocus,
Grimbergen Blonde,
Widdershins Barleywine,
Lucifer,
Bitter,
Winter Warmer,
Winter Welcome 2007-2008,
Oatmeal Stout,
Espresso Porter,
Chocolate Stout,
Hitachino Nest Real Ginger Brew,
JuJu Ginger,
The Kidd Lager,
Imperial Stout,
Oak-Aged Belgian Tripel,
Ultrablonde,
Wiesen Edel Weisse,
Old Foghorn 2001,
Framboise,
Cow Palace Scotch Ale 1998,
Bigfoot 2001,
Bigfoot 2002,
Bigfoot 2003,
Bigfoot 2004,
Bigfoot 2005,
Winter Ale,
Full Moon Winter Ale,
Odell IPA,
Ornery Amber Lager,
Cutthroat Porter,
Maple Nut Brown Ale Ale,
Cocoa Porter,
Jenlain Blonde,
Blonde,
Flemish Primitive Wild Ale (Demon Fish),
Witkap-Pater Tripel,
Winter Cheer,
Canaster Winter Scotch,
16,
Quelque Chose,
Kriek,
BiÃ¨re Darbyste,
Maracaibo Especial,
Flemish Primitive Wild Ale (Pin Head),
Calabaza Blanca,
Porter,
Cardinal Pale Ale,
Zinnebir Xmas,
Bridal Ale 2005,
Zinnebir,
Saison Imperiale,
La Moneuse,
Red Sled Winter Ale,
Christmas Ale 2007,
Equinox Dark Belgian Winter,
Serafijn Christmas Angel,
Obovoid Empirical Stout,
Furious Beer,
Bender Beer,
Oak Aged Ebenezer,
Killer Penguin,
Oatmeal Stout,
Isolation Ale,
Festive Ale 2007,
Bourbon County Stout 2007,
Twelve Days,
Seriously Bad Elf,
Big Shot Seasonal Ale,
God Jul - Winter Ale,
Harvest Ale 2007,
Nut Cracker Ale,
Goosinator Smoked Doppelbock 2007,
Snow Bound Winter Ale,
Warrior IPA,
Petrus Oud Bruin,
Petrus Gouden Tripel Ale,
Petrus Blond Ale,
Petrus Dubbel Bruin Ale,
Petrus Speciale,
Weizengold Hefefein,
Never Summer Ale,
Modern Monks Belgian Blonde,
Grand Cru,
JÃ¶rger WeiÃŸe Hell,
OSB Premium Ale,
Morocco Ale,
Glacier Ale,
Bent Nail IPA,
Espresso Porter,
Harvest Ale,
Stillwater Rye,
Sharptail Pale Ale,
Fat Belly Amber,
Whitetail Wheat,
Sandbagger Gold,
Brunette Nut Brown Ale,
Irish Red,
Belgian Wit,
EOS Hefeweizen,
India Pale Ale,
Winter Ale,
Pride & Joy Mild Ale,
Robert the Bruce Scottish Ale,
Lump of Coal Dark Holiday Stout,
Warm Welcome Nut Browned Ale,
Pendle Witches Brew,
Carnegie Stark-Porter,
Harvest Ale 2002,
Woody Organic IPA,
Adriaan,
Leute Bok Bier,
La Folie Falling Rock,
Oak Aged IPA,
Tikka Gold,
La Divine Double Blond,
La Divine Tripel Amber,
Ename Tripel,
Triple Dipsea Belgian,
Oktoberfest Weizen,
Imperial Hefeweizen,
Triple Exultation Old Ale,
Organic Gingerbread Ale,
Falcon Pale Ale,
Buzzsaw Brown,
Eisenbahn South American Pale Ale (S.A.P.A.),
Geist Bock,
Troll Porter,
Dark Ale,
Saison Vielle Provision,
Organic Barley Wine Ale 2005,
Old Boardhead 2006,
Blue Dot Double India Pale Ale,
Nugget,
American Pale Ale,
471 Extra ESB,
Odell Red Ale,
2010-07-22 20:00:20 UTC,
Long Leg English Fuggles Hop Ale,
Summer Lightning,
Haymaker Extra Pale Ale,
Pale Ale,
Silk Lady,
Danger Ale,
Irish Style Ale,
Yeti Special Export,
Steelie Brown Ale,
Bond Street 19th Anniversary,
Trumpeter,
Nitro Porter,
Fourteen,
Old Stock Ale 2007,
Cold Hop,
Hitachino Nest Espresso Stout,
Witte,
Slaapmutske Triple Nightcap,
Biere de Mars,
Kerst Pater Special Christmas Beer,
Zoetzuur Flemish Ale,
WPA (Wheat Pale Ale),
Smoked Hefe,
The Unforgiven Amber Ale,
Strange Ghost,
Duke IPA,
Broad Axe Stout,
Northern Light Lager,
Podge Belgian Imperial Stout,
Okocim Porter,
1809,
Pannepot,
Samurai,
Crystal Ale,
Gavroche French Red Ale,
Coney Island Lager,
La BiÃ¨re des Collines van de Saisis,
Dark Beer / StiftsbrÃ¤u,
LuciÃ©rnaga,
CuvÃ©e des Champions 2003-2004,
Beer Geek Breakfast,
Flemish Primitive Wild Ale (Spoon Whacker),
Bock,
Double India Pale Ale,
Old Bawdy 2006,
Extra Strong Vintage Ale,
Certified Organic India Pale Ale,
Certified Organic Porter,
Certified Organic Extra Pale Ale,
Certified Organic Amber Ale,
Farm House Ale,
Beer Town Brown,
Tanners Jack,
Mephistopheles Stout,
NÃ¸gne Ã˜ Brown Ale,
Vertical Epic 07.07.07,
Ringwood Brewery Old Thumper Extra Special Ale,
Export Ale,
Bourbon Barrel Porter,
Old Guardian Barley Wine 2007,
White Christmas,
Winter,
Undercover Investigation Shut-Down Ale,
Harvest Ale 2006,
Classic Gueuze,
Gueuze-Lambic,
Schwarzbier / Dunkel,
Sawtooth Ale,
Pole Star Pilsner,
90 Shilling,
Sunshine Wheat,
Grand Cru,
Der Weisse Bock,
Stouterik / The Brussels Stout,
Black Jack Porter,
Lunar Ale,
Denver Pale Ale / DPA,
malty middle,
Grotten Flemish Ale,
Grand Cru,
Summer Common,
Golden Ale,
Ambree,
Pater 6,
Blanche de Namur,
Skinny Dip,
Blanche Double,
Summer Bright Ale,
Mothership Wit,
Lia Fail Stone of Destiny Ale,
Premium XB Bluebird Bitter,
IPA,
Houblon,
Double Pilsner,
Creamy Dark,
Premium Pils Edelherb,
StÃ¼venbrÃ¤u Maibock,
Jack of Spades Schwarzbier,
Shiner Hefeweizen,
Sapporo Premium Beer,
Dark German Lager,
Spring Heat Spiced Wheat,
Gose,
Pils,
New,
Eisenbahn Defumada,
Eisenbahn Escura,
Eisenbahn Dourada,
Fallen Angel Sweet Stout,
Hot Shot ESB,
Porter,
NÃ¸gne Ã˜ Imperial Stout,
NÃ¸gne Ã˜ Porter,
NÃ¸gne Ã˜ Pale Ale,
Eccentric Belgian Wheat,
Oatmeal Stout,
Amber Light,
New World Wheat,
Maibock,
Ironwood Dark,
Cascade Amber,
Alpine Gold,
Illuminator Doppelbock,
Old Princeton Landing IPA,
Paddle Out Stout,
Pillar Point Pale Ale,
Sandy Beach Blonde Hefeweizen,
Mavericks Amber Ale,
Harbor Light Ale,
Leroy Barleywine,
Oatmeal Stout,
Amber,
Blur IPA,
Pelican Pale,
Brew Ribbon,
Casey Jones Imperial IPA,
Fairfax Coffee Porter,
Epiphany Ale,
IPA,
Chazz Cat Rye,
Shining Star Pale Ale,
Honey Bunny Blonde Ale,
Kent Lake Kolsch,
Old Blarney Barleywine,
Irish Dry Stout,
Kilt Lifter Scottish Ale,
India Pale Ale,
Blonde Bock,
Schwarzbier,
Czech Lager,
Yule Tide,
Pilsner,
Warka Strong,
Porter,
ESB,
Pale Ale,
Kristall Weizen,
ESB (Extra Special Blizzard),
Paint the Town Red,
Golden Ale,
Train Wreck IPA,
Zone 7 Porter,
Pleasanton Pale,
Island Wheat,
Hefeweizen,
Red Ale,
Penalty Shot Porter,
India Pale Ale,
Grid Iron Amber Ale,
Boys of Summer Wheat,
Pale Ale,
Red Ale,
Hefeweizen,
Bitter,
Double IPA,
Tatonka Stout,
P.M. Porter,
Jeremiah Red,
Piranha Pale Ale,
Harvest Hefeweizen,
Brewhouse Blonde,
Nutty Brewnette,
India Pale Ale (IPA),
Belgian Tripel,
Belgian Abbey,
Stout,
Pale Ale,
Best Bitter,
Hefe Weizen,
Pilsner,
KÃ¶lsch,
Harvest Ale 2005 (Whisky),
Harvest Ale 2005 (Calvados),
Harvest Ale 2005 (Sherry),
Old Crustacean Barleywine 2006,
Avalanche Amber,
Hefe Proper Ale,
Levity Amber Ale,
Easy Street Wheat,
Boulevard Pale Ale,
Bully! Porter,
Bovine Belgian Winter Ale,
XX Black Angus Stout,
Blarney Stone Stout,
Bison Brown Ale,
Prairie Pale,
Wildcat Wheat,
Boulevard Dry Stout,
Planet Porter / Boulder Porter,
Amber,
Blanche des Moines,
Triple Moine,
Arabier,
Bos Keun,
Grand Cru,
Oerbier,
Dulle Teve / Mad Bitch,
Vuuve,
Gouden Carolus Tripel,
Gouden Carolus Ambrio 1471,
Pauwel Kwak,
Saison Voisin,
Olde Expensive Ale,
Quadrupel,
Tripel,
Dubbel,
Old Growler,
Urthel Vlaemse Bock,
Watou Tripel,
Matilda,
Old Engine Oil Special Reserve (aged in malt whisky casks),
Imperial Stout,
EKU 28,
Eisbock,
Doppelbock Dunkel,
Special London Ale,
Oatmeal Stout,
Super,
Wayan,
GABF 25th Year Beer,
Old Foghorn 2006,
Grand Cru 2006,
Cerveza Negra,
Cerveza Diablo,
Cerveza Roja,
Buffalo Belgian Stout,
Rader AmbrÃ©e,
Rader Blonde,
Toleration,
English Ale,
Ripon Jewel Ale,
XTra,
Bam BiÃ¨re,
Samichlaus Bier 2005,
Barleywine,
Old Godfather,
Aventinus Weizen-Eisbock,
Aventinus Weizenstarkbier / Doppel Weizen Bock,
New Belgium Trippel Belgian Style Ale,
Hennepin Farmhouse Ale,
Abbey Belgian Style Ale,
India Pale Ale,
Bigfoot 2006,
Iron Fist Pale Ale,
Demolition,
Oro de Calabaza,
La Roja,
Brother Thelonious,
Hop Trip Fresh Hop Pale Ale,
Organic Belgian Ale,
Nieuw Ligt Grand Cru 2006,
Hibernation Ale,
Twisted Thistle India Pale Ale,
Espresso Stout,
Inversion IPA,
London Porter,
Hitachino Nest Celebration Ale 2006,
Rubia,
Session Premium Lager,
Mocny BOSS / BOSS Beer,
La Rossa,
Blue Paddle Pilsener,
Lager,
Hell,
Pilsner,
Ungespundet Lager Hefetrub,
Keller-Bier,
Imperial Porter,
Amber Ale,
La Folie,
Abt 12,
Nostradamus,
Triple,
Ultrabrune,
PÃ¨re NoÃ«l,
Bah Humbug,
Harvest Ale 2005 (Port),
Harvest Ale 2005,
Moonraker,
Old Engine Oil,
Pitchfork Rebellious Bitter,
Bitter and Twisted,
India Pale Ale,
Old Slug Porter,
Golden Abbot Lager,
Porter,
MÃ¶nchshof KellerbrÃ¤u,
Nightmare,
Ur-Weisse,
Schlenkerla Helles Lagerbier,
Ondineke Oilsjtersen Tripel,
Ale Mary,
Jan de Lichte,
Bigfoot 2000,
Rauchbier Lager,
Bourbon Imperial Stout,
Witbier,
Bavarian Bock,
Heater,
Harvest Brown,
Brout,
Aecht Schlenkerla Rauchbier MÃ¤rzen,
Aecht Schlenkerla Rauchbier Weizen,
Kapuziner Schwarz-Weizen,
Christmas Bock,
Prior 8,
Trout Slayer,
Moose Drool Brown Ale,
Scape Goat Pale Ale,
Powder Hound Winter Ale,
American Chinese cuisine,
Biscuit (and Biscuits and gravy),
Bread,
Ammonia cookie,
Cuisine of Antebellum America,
Apple butter,
Apple sauce,
Baked potato,
Barbecue (see below for specific types),
Bear claw,
Beef Manhattan,
Blue cheese dressing,
Blue-plate special,
Bookbinder soup,
Breakfast burrito,
Brunswick stew,
Buffalo burger,
Buffalo wing,
Bull roast,
Burnt ends,
Butter cookie,
Cajun cuisine,
Calf's liver and bacon,
Carne pizzaiola[citation needed],
Carolina style,
Celery Victor,
Cheese dog,
Cheese fries,
Cheesesteak,
Chicago-style pizza,
Chicken à la King,
Chicken and waffles,
Chicken Divan,
Chicken fingers,
Chicken French,
Chicken fried bacon,
Chicken fried steak,
Chicken nugget,
Chicken parmigiana,
Chicken sandwich,
Chili con carne,
Chili dog,
Chimichanga,
Chips and dip,
Dark chocolate,
Milk chocolate,
White chocolate,
Chocolate chip cookies,
Choco pie,
Chowder,
City chicken,
Clam cake,
Clam chowder,
Coleslaw,
Cordon bleu,
Corn chowder,
Corn dog,
Corn flakes,
Corn relish,
Corned beef,
Cornish game hen,
Cowboy beans,
Crab cake,
Creamed corn,
Creamed eggs on toast,
Deviled crab,
Deviled egg,
Domesticated turkey,
Doughnut,
Drunken chicken,
Eggo,
Eggs Benedict,
Eggs Neptune,
Energy bar,
Engastration (e.g.,
 Turducken),
Fajita,
Fortune cookie,
French dip,
Fried chicken,
Fried fish,
Fry sauce,
Frybread,
Garden salad,
German chocolate cake,
Goulash,
Greek-American cuisine,
Green bean casserole,
Grits,
Hamburger,
Hangtown fry,
Haystack,
Hog fry,
Home fries,
Hot chicken,
Hot chicken sandwich,
Ice cream cake,
Italian-American cuisine,
Italian beef,
Italian dressing,
Jell-O,
Jerky,
Juba,
Liver and onions,
Lobster Newberg,
Lobster roll,
London broil,
Lorna Doone,
Macaroni and cheese,
Macaroni salad,
Maple bacon donut,
Maraca pie,
Mashed potato,
Mashed pumpkin,
Meatcake,
Meatloaf,
Milk toast,
Milkshake,
Mission burrito,
Mozzarella sticks,
Muffuletta,
Mulligan stew,
Onion ring,
Oreo,
Oysters Rockefeller,
Pancakes,
Pasta salad,
Pastrami,
Patty,
Peanut butter,
Pemmican,
Pepperoni,
Pickled cucumber,
Pigs in blankets,
Pizza strips,
Ploye,
Pop-Tarts,
Popcorn,
Popover,
Poppyseed muffin,
Pork and beans,
Potato salad,
Potato skins,
Potato wedges,
Potatoes O'Brien,
Protein bar,
Pulled pork,
Pumpkin pie,
Rabbit pie,
Ranch dressing,
Reuben sandwich,
Ribs,
Rolled oyster,
Russian dressing,
Russian tea cake,
Salisbury steak,
Sandwich,
Sausage gravy,
Scampi,
Scrapple,
Seafood cocktail,
Senate bean soup,
Slinger,
Sloppy joe,
Smelt,
Sonofabitch stew,
Soul food,
Sour cream,
Squab,
Steak,
Steak sandwich,
Steak sauce,
Steamed clams,
Stuffed ham,
Stuffed peppers,
Stuffed zucchini,
Succotash,
Surf and turf,
Swiss steak,
Tetrazzini,
Cuisine of the Thirteen Colonies,
Thousand Island dressing,
Toaster Strudel,
Tomato compote,
Tuna casserole,
Turducken,
Thanksgiving turkey,
Vichyssoise,
Waffle,
Waffle,