BIL1750,
BIL0968,
BIL2777,
BIL1832,
BIL2560,
BIL1549,
BIL1445,
BIL7004,
BIL0226,
BIL1401,
BIL1690,
BIL7550,
BIL3977,
BIL9878,
BIL6544,
BIL7179,
BIL5173,
BIL1333,
BIL1904,
BIL5039,
BIL4516,
BIL6981,
BIL2905,
BIL6861,
BIL1336,
BIL4412,
BIL6900,
BIL7699,
BIL9513,
BIL3960,
BIL8344,
BIL2748,
BIL4971,
BIL5594,
BIL4815,
BIL9017,
BIL0957,
BIL9228,
BIL7074,
BIL4470,
BIL0005,
BIL5952,
BIL2637,
BIL3340,
BIL2117,
BIL9674,
BIL4179,
BIL0121,
BIL5686,
BIL5627,
BIL7276,
BIL2917,
BIL0465,
BIL9640,
BIL6713,
BIL4266,
BIL7527,
BIL6902,
BIL8564,
BIL6229,
BIL0811,
BIL2306,
BIL1149,
BIL3256,
BIL4254,
BIL1692,
BIL8869,
BIL9429,
BIL7067,
BIL3134,
BIL7838,
BIL0645,
BIL2238,
BIL5941,
BIL6585,
BIL8020,
BIL2912,
BIL7752,
BIL7118,
BIL3617,
BIL4795,
BIL4956,
BIL5290,
BIL7370,
BIL7721,
BIL3834,
BIL1557,
BIL1684,
BIL9281,
BIL1032,
BIL5368,
BIL1090,
BIL8540,
BIL0080,
BIL4290,
BIL0175,
BIL7739,
BIL1265,
BIL0448,
BIL3730,
BIL4670,
BIL6371,
BIL6671,
BIL2384,
BIL4941,
BIL2707,
BIL1226,
BIL4124,
BIL5196,
BIL3174,
BIL7474,
BIL9827,
BIL4085,
BIL7731,
BIL7465,
BIL6366,
BIL3533,
BIL1318,
BIL2776,
BIL9043,
BIL8320,
BIL0408,
BIL3397,
BIL1863,
BIL6158,
BIL2690,
BIL8865,
BIL1983,
BIL1520,
BIL0888,
BIL8642,
BIL4979,
BIL8786,
BIL5348,
BIL6087,
BIL5617,
BIL5609,
BIL8276,
BIL6859,
BIL1117,
BIL9457,
BIL2765,
BIL0502,
BIL5295,
BIL6690,
BIL2765,
BIL3258,
BIL0244,
BIL2642,
BIL0254,
BIL4375,
BIL3744,
BIL9765,
BIL5173,
BIL2974,
BIL7879,
BIL3821,
BIL1728,
BIL2068,
BIL0547,
BIL5597,
BIL3942,
BIL5691,
BIL2073,
BIL1928,
BIL9341,
BIL6334,
BIL2025,
BIL6012,
BIL8257,
BIL7113,
BIL2459,
BIL9023,
BIL7116,
BIL4878,
BIL4005,
BIL2124,
BIL7146,
BIL2021,
BIL8532,
BIL5462,
BIL9568,
BIL5188,
BIL0833,
BIL1825,
BIL6829,
BIL7037,
BIL3482,
BIL8454,
BIL4563,
BIL7066,
BIL8686,
BIL4044,
BIL9895,
BIL7479,
BIL7279,
BIL6903,
BIL1617,
BIL2315,
BIL5612,
BIL0805,
BIL1597,
BIL5187,
BIL9427,
BIL3085,
BIL4094,
BIL0669,
BIL5191,
BIL6326,
BIL0182,
BIL0122,
BIL8350,
BIL9562,
BIL2627,
BIL7400,
BIL1687,
BIL3673,
BIL4175,
BIL6005,
BIL6440,
BIL4454,
BIL3259,
BIL2771,
BIL8376,
BIL5938,
BIL7038,
BIL5876,
BIL5392,
BIL5967,
BIL4804,
BIL2162,
BIL1260,
BIL3079,
BIL4737,
BIL9134,
BIL0815,
BIL1195,
BIL5710,
BIL9154,
BIL3084,
BIL3270,
BIL1024,
BIL8790,
BIL2866,
BIL0380,
BIL6168,
BIL3161,
BIL3007,
BIL5371,
BIL3173,
BIL1281,
BIL0035,
BIL8359,
BIL6231,
BIL3505,
BIL5423,
BIL1890,
BIL1625,
BIL8804,
BIL4820,
BIL3864,
BIL3111,
BIL5023,
BIL0894,
BIL4652,
BIL7045,
BIL5337,
BIL2863,
BIL1527,
BIL3172,
BIL8721,
BIL3499,
BIL5006,
BIL1142,
BIL0650,
BIL5761,
BIL1994,
BIL7832,
BIL4286,
BIL3091,
BIL9140,
BIL0066,
BIL2341,
BIL8421,
BIL3329,
BIL8354,
BIL3169,
BIL4029,
BIL4321,
BIL6408,
BIL5645,
BIL6404,
BIL5911,
BIL0322,
BIL2692,
BIL0795,
BIL9770,
BIL3052,
BIL5874,
BIL3847,
BIL3866,
BIL7121,
BIL9356,
BIL4081,
BIL8445,
BIL9242,
BIL4463,
BIL2336,
BIL4523,
BIL6990,
BIL8762,
BIL8884,
BIL3652,
BIL7029,
BIL1500,
BIL1471,
BIL3532,
BIL3379,
BIL8369,
BIL3626,
BIL3601,
BIL6835,
BIL8584,
BIL3577,
BIL2416,
BIL4739,
BIL9573,
BIL8945,
BIL6198,
BIL8663,
BIL1651,
BIL5187,
BIL0447,
BIL6935,
BIL9403,
BIL4219,
BIL1364,
BIL6009,
BIL5048,
BIL5042,
BIL7803,
BIL8377,
BIL4622,
BIL3099,
BIL6605,
BIL2340,
BIL3998,
BIL6121,
BIL9569,
BIL4859,
BIL2779,
BIL8900,
BIL1192,
BIL7187,
BIL5787,
BIL5346,
BIL1507,
BIL3671,
BIL4261,
BIL0585,
BIL1813,
BIL6837,
BIL6328,
BIL6973,
BIL1281,
BIL2988,
BIL3362,
BIL1299,
BIL2141,
BIL8005,
BIL8671,
BIL7659,
BIL9431,
BIL9696,
BIL9221,
BIL9311,
BIL0812,
BIL0408,
BIL7409,
BIL5590,
BIL6388,
BIL2068,
BIL5059,
BIL7044,
BIL1442,
BIL4004,
BIL8645,
BIL2441,
BIL8677,
BIL8592,
BIL2333,
BIL1436,
BIL0120,
BIL6671,
BIL8357,
BIL3916,
BIL7591,
BIL4438,
BIL6989,
BIL3818,
BIL1917,
BIL6905,
BIL4123,
BIL6462,
BIL4472,
BIL0622,
BIL8365,
BIL3661,
BIL6736,
BIL4688,
BIL9958,
BIL8571,
BIL7723,
BIL5648,
BIL3366,
BIL7905,
BIL0798,
BIL8257,
BIL6475,
BIL1352,
BIL7527,
BIL6764,
BIL0744,
BIL0997,
BIL4306,
BIL4104,
BIL9795,
BIL5223,
BIL9363,
BIL4388,
BIL8365,
BIL1964,
BIL9595,
BIL4834,
BIL3085,
BIL5033,
BIL3275,
BIL9389,
BIL4333,
BIL9425,
BIL4494,
BIL8476,
BIL9009,
BIL4308,
BIL2053,
BIL8091,
BIL4813,
BIL6118,
BIL1618,
BIL0475,
BIL6301,
BIL2628,
BIL5658,
BIL2500,
BIL3339,
BIL6194,
BIL3605,
BIL0344,
BIL5825,
BIL7133,
BIL5510,
BIL8883,
BIL5889,
BIL6657,
BIL3881,
BIL0288,
BIL9805,
BIL2950,
BIL8525,
BIL9535,
BIL3037,
BIL8920,
BIL7372,
BIL3302,
BIL4384,
BIL3662,
BIL9378,
BIL6727,
BIL8848,
BIL9899,
BIL9964,
BIL5069,
BIL8906,
BIL6297,
BIL7886,
BIL8390,
BIL0819,
BIL2593,
BIL9491,
BIL8167,
BIL1883,
BIL8576,
BIL6210,
BIL7975,
BIL5661,
BIL3805,
BIL8706,
BIL6616,
BIL9574,
BIL6735,
BIL1365,
BIL5193,
BIL1231,
BIL0849,
BIL4817,
BIL3836,
BIL1220,
BIL2816,
BIL6892,
BIL4177,
BIL9887,
BIL6152,
BIL8722,
BIL8532,
BIL2193,
BIL1449,
BIL5776,
BIL6337,
BIL1503,
BIL4508,
BIL2244,
BIL1240,
BIL8317,
BIL2265,
BIL8771,
BIL1977,
BIL8926,
BIL7751,
BIL9227,
BIL9235,
BIL6870,
BIL0425,
BIL7515,
BIL0388,
BIL3924,
BIL8972,
BIL6854,
BIL1477,
BIL6054,
BIL6581,
BIL5888,
BIL7013,
BIL5821,
BIL3537,
BIL4703,
BIL0235,
BIL2496,
BIL1012,
BIL9544,
BIL0762,
BIL2769,
BIL0130,
BIL1521,
BIL2604,
BIL9337,
BIL7414,
BIL6364,
BIL9906,
BIL7389,
BIL2158,
BIL2532,
BIL3391,
BIL5807,
BIL3487,
BIL2893,
BIL9976,
BIL0289,
BIL3267,
BIL1194,
BIL8201,
BIL9595,
BIL9309,
BIL1381,
BIL0035,
BIL2641,
BIL3657,
BIL5423,
BIL9582,
BIL0941,
BIL1945,
BIL6352,
BIL5518,
BIL5438,
BIL7115,
BIL2795,
BIL7716,
BIL1548,
BIL9779,
BIL0021,
BIL5465,
BIL5368,
BIL7426,
BIL9131,
BIL1750,
BIL5232,
BIL3491,
BIL2636,
BIL2359,
BIL4940,
BIL7816,
BIL8182,
BIL0953,
BIL0179,
BIL5651,
BIL6399,
BIL3780,
BIL8708,
BIL1299,
BIL4791,
BIL4936,
BIL3102,
BIL0371,
BIL9746,
BIL6421,
BIL8520,
BIL4167,
BIL8567,
BIL7319,
BIL2680,
BIL0648,
BIL4804,
BIL0797,
BIL1604,
BIL4801,
BIL2090,
BIL0592,
BIL5779,
BIL0184,
BIL9874,
BIL3247,
BIL2752,
BIL3096,
BIL3910,
BIL0636,
BIL9513,
BIL6277,
BIL5099,
BIL8861,
BIL6351,
BIL8501,
BIL9706,
BIL9320,
BIL7888,
BIL8892,
BIL1884,
BIL1067,
BIL4133,
BIL1266,
BIL6802,
BIL6645,
BIL7501,
BIL7836,
BIL5916,
BIL6054,
BIL1432,
BIL4603,
BIL0805,
BIL8843,
BIL6044,
BIL0973,
BIL3236,
BIL1433,
BIL6570,
BIL5954,
BIL5870,
BIL0384,
BIL2264,
BIL5899,
BIL0980,
BIL2372,
BIL8739,
BIL9292,
BIL1304,
BIL6756,
BIL0720,
BIL5665,
BIL7951,
BIL4049,
BIL9076,
BIL3198,
BIL1853,
BIL9360,
BIL2857,
BIL9415,
BIL5624,
BIL1147,
BIL8339,
BIL6434,
BIL0775,
BIL0515,
BIL8307,
BIL3303,
BIL6791,
BIL1076,
BIL3289,
BIL6559,
BIL7141,
BIL4809,
BIL6928,
BIL0239,
BIL3053,
BIL7248,
BIL1994,
BIL8391,
BIL8389,
BIL7789,
BIL2599,
BIL1136,
BIL7557,
BIL3638,
BIL8924,
BIL9535,
BIL7941,
BIL8003,
BIL2847,
BIL2281,
BIL9018,
BIL7187,
BIL8911,
BIL9563,
BIL6031,
BIL2519,
BIL0981,
BIL3577,
BIL3936,
BIL7831,
BIL3250,
BIL0498,
BIL4556,
BIL2276,
BIL4267,
BIL9843,
BIL1973,
BIL6276,
BIL5163,
BIL4034,
BIL1113,
BIL1729,
BIL4431,
BIL3716,
BIL9475,
BIL8738,
BIL5483,
BIL5140,
BIL5114,
BIL2022,
BIL8162,
BIL2737,
BIL7206,
BIL1817,
BIL9497,
BIL2162,
BIL0578,
BIL2546,
BIL4765,
BIL1231,
BIL0151,
BIL2392,
BIL2162,
BIL7351,
BIL0756,
BIL7934,
BIL6817,
BIL6273,
BIL4248,
BIL8787,
BIL2942,
BIL1458,
BIL6205,
BIL1417,
BIL9295,
BIL4081,
BIL2346,
BIL6117,
BIL8359,
BIL7227,
BIL7644,
BIL5174,
BIL7366,
BIL1708,
BIL6026,
BIL3435,
BIL8906,
BIL5332,
BIL2414,
BIL6410,
BIL3528,
BIL2766,
BIL4528,
BIL5645,
BIL9164,
BIL8400,
BIL7636,
BIL1249,
BIL4413,
BIL8217,
BIL2881,
BIL4097,
BIL5791,
BIL4166,
BIL5377,
BIL5656,
BIL6533,
BIL5558,
BIL4254,
BIL0895,
BIL2874,
BIL9644,
BIL0095,
BIL3399,
BIL1517,
BIL9385,
BIL3412,
BIL4541,
BIL8705,
BIL7740,
BIL5835,
BIL1154,
BIL0024,
BIL7073,
BIL9469,
BIL4615,
BIL6460,
BIL1015,
BIL1777,
BIL1057,
BIL2318,
BIL3454,
BIL8177,
BIL9651,
BIL3203,
BIL6403,
BIL7834,
BIL5266,
BIL9670,
BIL6729,
BIL5764,
BIL8163,
BIL3831,
BIL1806,
BIL5521,
BIL9056,
BIL0313,
BIL3510,
BIL5690,
BIL6166,
BIL3182,
BIL1608,
BIL3708,
BIL7391,
BIL2518,
BIL1331,
BIL2222,
BIL5634,
BIL8189,
BIL3928,
BIL6117,
BIL0572,
BIL1238,
BIL4202,
BIL2855,
BIL1480,
BIL7897,
BIL6233,
BIL7006,
BIL7742,
BIL1801,
BIL0873,
BIL9261,
BIL2469,
BIL0002,
BIL6032,
BIL3893,
BIL2387,
BIL3673,
BIL1906,
BIL4063,
BIL9649,
BIL4656,
BIL8581,
BIL3964,
BIL3900,
BIL8760,
BIL9011,
BIL9610,
BIL0025,
BIL1119,
BIL5546,
BIL3155,
BIL8991,
BIL2865,
BIL1768,
BIL0871,
BIL7399,
BIL7159,
BIL9853,
BIL8202,
BIL6949,
BIL1321,
BIL9624,
BIL9026,
BIL6074,
BIL1252,
BIL0588,
BIL9949,
BIL3902,
BIL3145,
BIL2232,
BIL2177,
BIL5490,
BIL8100,
BIL3190,
BIL5730,
BIL9653,
BIL3920,
BIL5446,
BIL4560,
BIL5261,
BIL4497,
BIL3433,
BIL5765,
BIL5365,
BIL2116,
BIL9048,
BIL5170,
BIL1289,
BIL3654,
BIL6905,
BIL4661,
BIL1944,
BIL5014,
BIL2696,
BIL8190,
BIL5673,
BIL7016,
BIL7795,
BIL7349,
BIL8243,
BIL9238,
BIL0563,
BIL6390,
BIL2309,
BIL8111,
BIL0138,
BIL0361,
BIL4728,
BIL0228,
BIL2373,
BIL7816,
BIL0506,
BIL8849,
BIL4133,
BIL1160,
BIL2729,
BIL8988,
BIL3315,
BIL0265,
BIL3751,
BIL3032,
BIL4899,
BIL5950,
BIL6740,
BIL0421,
BIL0520,
BIL7912,
BIL6700,
BIL4498,
BIL1671,
BIL6095,
BIL1511,
BIL0185,
BIL5021,
BIL0377,
BIL0119,
BIL9585,
BIL6659,
BIL2450,
BIL7536,
BIL3444,
BIL0149,
BIL0395,
BIL3317,
BIL6597,
BIL6582,
BIL5026,
BIL9801,
BIL0371,
BIL1662,
BIL3867,
BIL4548,
BIL7692,
BIL6466,
BIL8410,
BIL4509,
BIL4858,
BIL6890,
BIL1022,
BIL4656,
BIL4584,
BIL9905,
BIL2533,
BIL1768,
BIL0119,
BIL4095,
BIL6959,
BIL5105,
BIL9508,
BIL4924,
BIL8664,
BIL9940,
BIL5327,
BIL2622,
BIL2357,
BIL6970,
BIL0278,
BIL9168,
BIL3005,
BIL6162,
BIL8319,
BIL3519,
BIL8530,
BIL3579,
BIL1976,
BIL6584,
BIL2183,
BIL9684,
BIL6793,
BIL3273,
BIL9115,
BIL7229,
BIL3704,
BIL5952,
BIL5436,
BIL6993,
BIL2115,
BIL1359,
BIL5284,
BIL4840,
BIL6542,
BIL4441,
BIL2458,
BIL1829,
BIL3676,
BIL9584,
BIL0887,
BIL8850,
BIL3141,
BIL3495,
BIL4708,
BIL0991,
BIL1984,
BIL8743,
BIL6265,
BIL5207,
BIL2801,
BIL9764,
BIL1727,
BIL1003,
BIL9824,
BIL2211,
BIL4152,
BIL5570,
BIL0205,
BIL9980,
BIL2687,
BIL1320,
BIL4598,
BIL0071,
BIL4435,
BIL4044,
BIL6149,
BIL8868,
BIL5844,
BIL6290,
BIL0567,
BIL5831,
BIL9301,
BIL8802,
BIL6547,
BIL0421,
BIL6927,
BIL6995,
BIL1151,
BIL4682,
BIL4650,
BIL2417,
BIL9429,
BIL7435,
BIL4736,
BIL8388,
BIL1122,
BIL0860,
BIL6034,
BIL1286,
BIL9094,
BIL1304,
BIL9678,
BIL9792,
BIL2362,
BIL5479,
BIL4499,
BIL5162,
BIL0329,
BIL2330,
BIL1274,
BIL0559,
BIL3064,
BIL4675,
BIL3448,
BIL0621,
BIL3692,
BIL1541,
BIL5495,
BIL8479,
BIL2146,
BIL4760,
BIL2660,
BIL6414,
BIL1135,
BIL6077,
BIL0490,
BIL6886,
BIL0405,
BIL4695,
BIL5826,
BIL1374,
BIL0126,
BIL1328,
BIL9833,
BIL2090,
BIL5970,
BIL9946,
BIL1634,
BIL8601,
BIL7392,
BIL3974,
BIL2478,
BIL6495,
BIL5685,
BIL7578,
BIL1443,
BIL3527,
BIL7806,
BIL2224,
BIL8648,
BIL8771,
BIL4370,
BIL5446,
BIL2976,
BIL7770,
BIL0674,
BIL5949,
BIL4731,
BIL5079,
BIL7772,
BIL5414,
BIL2521,
BIL3211,
BIL3052,
BIL7733,
BIL7241,
BIL9282,
BIL8205,
BIL1349,
BIL3967,
BIL4893,
BIL5683,
BIL0480,
BIL1614,
BIL9295,
BIL6952,
BIL9751,
BIL5820,
BIL1995,
BIL3046,
BIL5898,
BIL1007,
BIL4357,
BIL8127,
BIL4204,
BIL8780,
BIL6616,
BIL4426,
BIL3425,
BIL6562,
BIL4626,
BIL1290,
BIL6139,
BIL5116,
BIL8638,
BIL9459,
BIL9212,
BIL3374,
BIL1277,
BIL5765,
BIL6165,
BIL3065,
BIL3115,
BIL5205,
BIL3156,
BIL6687,
BIL1097,
BIL5196,
BIL6888,
BIL9299,
BIL8762,
BIL7740,
BIL4805,
BIL7729,
BIL8065,
BIL0233,
BIL0009,
BIL6276,
BIL4545,
BIL1565,
BIL5158,
BIL5237,
BIL5535,
BIL9381,
BIL0976,
BIL5175,
BIL9371,
BIL3043,
BIL5510,
BIL0454,
BIL5223,
BIL8937,
BIL3194,
BIL5355,
BIL8395,
BIL4626,
BIL4867,
BIL1453,
BIL6094,
BIL0105,
BIL4653,
BIL0774,
BIL5532,
BIL6545,
BIL8902,
BIL4102,
BIL1938,
BIL8885,
BIL3395,
BIL3290,
BIL3918,
BIL3937,
BIL3065,
BIL5836,
BIL2589,
BIL3698,
BIL7802,
BIL9023,
BIL4172,
BIL0758,
BIL1514,
BIL7044,
BIL1215,
BIL5477,
BIL4729,
BIL0474,
BIL0472,
BIL6426,
BIL4350,
BIL3929,
BIL0577,
BIL2822,
BIL3033,
BIL5210,
BIL2250,
BIL9018,
BIL7106,
BIL1830,
BIL8219,
BIL5014,
BIL3263,
BIL3086,
BIL4678,
BIL7702,
BIL4534,
BIL0225,
BIL7718,
BIL9395,
BIL9050,
BIL5765,
BIL3588,
BIL3858,
BIL2304,
BIL2939,
BIL9629,
BIL8202,
BIL2995,
BIL4298,
BIL0809,
BIL9600,
BIL9681,
BIL5935,
BIL7856,
BIL8569,
BIL9822,
BIL5297,
BIL5932,
BIL3187,
BIL4001,
BIL5109,
BIL6148,
BIL1312,
BIL2489,
BIL6175,
BIL6372,
BIL1393,
BIL2120,
BIL8447,
BIL1326,
BIL4994,
BIL3508,
BIL6307,
BIL3323,
BIL5590,
BIL4045,
BIL2411,
BIL7335,
BIL5722,
BIL2802,
BIL1962,
BIL4702,
BIL4419,
BIL8642,
BIL5336,
BIL8193,
BIL7049,
BIL7202,
BIL4091,
BIL3585,
BIL5857,
BIL1291,
BIL8991,
BIL8539,
BIL6166,
BIL9901,
BIL5007,
BIL2903,
BIL2421,
BIL2741,
BIL3813,
BIL1573,
BIL7908,
BIL3798,
BIL2713,
BIL8711,
BIL9051,
BIL7176,
BIL0074,
BIL0560,
BIL2228,
BIL1063,
BIL6335,
BIL8762,
BIL8830,
BIL7646,
BIL0925,
BIL5485,
BIL2262,
BIL4304,
BIL2515,
BIL7294,
BIL7494,
BIL4701,
BIL5263,
BIL7750,
BIL4768,
BIL1410,
BIL6166,
BIL2880,
BIL9767,
BIL2438,
BIL7027,
BIL6555,
BIL0662,
BIL8826,
BIL4767,
BIL6520,
BIL9934,
BIL8741,
BIL1625,
BIL5764,
BIL7184,
BIL5582,
BIL0207,
BIL0767,
BIL6507,
BIL2143,
BIL0232,
BIL5409,
BIL9276,
BIL9601,
BIL8469,
BIL5184,
BIL8919,
BIL3153,
BIL7982,
BIL8813,
BIL3744,
BIL3099,
BIL8267,
BIL0750,
BIL7865,
BIL1643,
BIL1097,
BIL4443,
BIL1344,
BIL4558,
BIL5538,
BIL3556,
BIL6169,
BIL8689,
BIL8980,
BIL5213,
BIL1934,
BIL6302,
BIL0495,
BIL0256,
BIL2746,
BIL0323,
BIL9331,
BIL5747,
BIL6588,
BIL5896,
BIL1743,
BIL1361,
BIL5020,
BIL4324,
BIL4567,
BIL3270,
BIL8323,
BIL4424,
BIL8120,
BIL9141,
BIL2646,
BIL0399,
BIL3695,
BIL5368,
BIL0026,
BIL1680,
BIL9774,
BIL9828,
BIL8653,
BIL0614,
BIL2347,
BIL1344,
BIL4124,
BIL0203,
BIL2163,
BIL6249,
BIL0736,
BIL7520,
BIL4412,
BIL6581,
BIL6148,
BIL8661,
BIL4817,
BIL4914,
BIL1580,
BIL4805,
BIL0666,
BIL1469,
BIL9774,
BIL9454,
BIL2089,
BIL5936,
BIL7389,
BIL0793,
BIL7598,
BIL0040,
BIL5766,
BIL7774,
BIL0128,
BIL1101,
BIL3902,
BIL8406,
BIL2839,
BIL1238,
BIL7253,
BIL1585,
BIL4350,
BIL0321,
BIL1277,
BIL5969,
BIL4260,
BIL0710,
BIL1503,
BIL3203,
BIL7609,
BIL0868,
BIL1489,
BIL0483,
BIL8835,
BIL8220,
BIL7738,
BIL8273,
BIL3380,
BIL9097,
BIL7891,
BIL3221,
BIL2791,
BIL9745,
BIL4495,
BIL6289,
BIL1760,
BIL4607,
BIL7646,
BIL7387,
BIL6465,
BIL4181,
BIL2761,
BIL3032,
BIL9734,
BIL7066,
BIL2983,
BIL3560,
BIL3339,
BIL0398,
BIL1181,
BIL4373,
BIL9909,
BIL4638,
BIL7143,
BIL0680,
BIL1877,
BIL2084,
BIL6552,
BIL3517,
BIL5196,
BIL2009,
BIL9481,
BIL3699,
BIL3429,
BIL4288,
BIL5842,
BIL0973,
BIL7206,
BIL3308,
BIL6428,
BIL6956,
BIL9136,
BIL4740,
BIL9833,
BIL1271,
BIL9819,
BIL6549,
BIL0427,
BIL1775,
BIL0743,
BIL7540,
BIL1032,
BIL7979,
BIL7231,
BIL7722,
BIL1414,
BIL4901,
BIL6059,
BIL4234,
BIL2683,
BIL9852,
BIL1109,
BIL7862,
BIL7756,
BIL2469,
BIL3592,
BIL5535,
BIL4491,
BIL0352,
BIL2283,
BIL0720,
BIL7879,
BIL7193,
BIL7946,
BIL6356,
BIL3358,
BIL8684,
BIL1110,
BIL0218,
BIL9141,
BIL0429,
BIL2464,
BIL6368,
BIL4286,
BIL1997,
BIL5102,
BIL4588,
BIL3327,
BIL4553,
BIL0155,
BIL3123,
BIL3963,
BIL9568,
BIL7153,
BIL8838,
BIL3603,
BIL4720,
BIL4568,
BIL0652,
BIL1519,
BIL3350,
BIL4781,
BIL4184,
BIL4478,
BIL3888,
BIL1865,
BIL7476,
BIL2116,
BIL6651,
BIL4815,
BIL0845,
BIL3216,
BIL5658,
BIL2655,
BIL4486,
BIL4252,
BIL0692,
BIL0151,
BIL2988,
BIL5837,
BIL3991,
BIL7755,
BIL2800,
BIL5091,
BIL1870,
BIL9948,
BIL5291,
BIL9109,
BIL0800,
BIL3769,
BIL5459,
BIL0287,
BIL1334,
BIL9375,
BIL8710,
BIL0585,
BIL5489,
BIL4501,
BIL8503,
BIL4215,
BIL1986,
BIL0409,
BIL4501,
BIL3406,
BIL2032,
BIL9541,
BIL5147,
BIL6766,
BIL0603,
BIL5696,
BIL1751,
BIL4650,
BIL8120,
BIL9883,
BIL0770,
BIL5888,
BIL7034,
BIL0767,
BIL0849,
BIL4504,
BIL4135,
BIL7740,
BIL6023,
BIL9285,
BIL0198,
BIL5345,
BIL3921,
BIL1837,
BIL0964,
BIL4657,
BIL5293,
BIL9019,
BIL6280,
BIL9463,
BIL1810,
BIL0022,
BIL5954,
BIL2027,
BIL5805,
BIL6519,
BIL3889,
BIL7451,
BIL9983,
BIL1133,
BIL7076,
BIL1782,
BIL9152,
BIL6651,
BIL2745,
BIL9389,
BIL0737,
BIL5768,
BIL0163,
BIL9136,
BIL9442,
BIL7584,
BIL0600,
BIL8989,
BIL6328,
BIL5151,
BIL2545,
BIL9197,
BIL7756,
BIL4133,
BIL7245,
BIL6715,
BIL4216,
BIL8836,
BIL1626,
BIL5107,
BIL0875,
BIL6453,
BIL0741,
BIL6981,
BIL5783,
BIL9694,
BIL2928,
BIL3911,
BIL6526,
BIL8803,
BIL7885,
BIL0211,
BIL2643,
BIL2249,
BIL1223,
BIL2128,
BIL8579,
BIL4730,
BIL2127,
BIL5145,
BIL0336,
BIL6149,
BIL9336,
BIL0175,
BIL9581,
BIL7857,
BIL6982,
BIL7977,
BIL0262,
BIL2908,
BIL1161,
BIL0111,
BIL0084,
BIL8330,
BIL6430,
BIL0774,
BIL1773,
BIL0040,
BIL7685,
BIL6923,
BIL4360,
BIL8628,
BIL4152,
BIL7584,
BIL6146,
BIL3728,
BIL8900,
BIL7956,
BIL6309,
BIL2946,
BIL6446,
BIL0828,
BIL6214,
BIL5632,
BIL4612,
BIL3860,
BIL9564,
BIL6017,
BIL5169,
BIL2728,
BIL3476,
BIL5435,
BIL6122,
BIL9991,
BIL9279,
BIL4931,
BIL6827,
BIL7861,
BIL2785,
BIL2863,
BIL9507,
BIL0218,
BIL8462,
BIL4256,
BIL1577,
BIL3374,
BIL0963,
BIL4848,
BIL0397,
BIL1793,
BIL4538,
BIL1712,
BIL0624,
BIL7157,
BIL3337,
BIL2249,
BIL5074,
BIL3681,
BIL0102,
BIL5826,
BIL0833,
BIL8296,
BIL6624,
BIL2448,
BIL7940,
BIL1434,
BIL5512,
BIL7333,
BIL1601,
BIL8036,
BIL8908,
BIL5203,
BIL6015,
BIL4540,
BIL8331,
BIL9522,
BIL1966,
BIL5809,
BIL9840,
BIL5394,
BIL4775,
BIL4850,
BIL4977,
BIL4788,
BIL6435,
BIL3741,
BIL1141,
BIL5313,
BIL8362,
BIL6295,
BIL4834,
BIL7346,
BIL5635,
BIL4226,
BIL8943,
BIL1594,
BIL7600,
BIL7654,
BIL1695,
BIL2970,
BIL5979,
BIL8907,
BIL7960,
BIL8143,
BIL8792,
BIL8181,
BIL5877,
BIL2748,
BIL6371,
BIL5909,
BIL1329,
BIL0160,
BIL7685,
BIL6169,
BIL1873,
BIL3203,
BIL5275,
BIL3098,
BIL3658,
BIL9781,
BIL3605,
BIL1369,
BIL8981,
BIL4070,
BIL3498,
BIL7378,
BIL2496,
BIL7548,
BIL2695,
BIL3652,
BIL6137,
BIL8982,
BIL3863,
BIL6860,
BIL5423,
BIL5763,
BIL6023,
BIL3089,
BIL3839,
BIL0746,
BIL6351,
BIL9614,
BIL6233,
BIL8857,
BIL1101,
BIL6877,
BIL4467,
BIL4535,
BIL2662,
BIL2653,
BIL4026,
BIL3570,
BIL0476,
BIL0632,
BIL3197,
BIL3374,
BIL0210,
BIL3006,
BIL8046,
BIL7473,
BIL2771,
BIL6459,
BIL6816,
BIL3432,
BIL5849,
BIL8383,
BIL1060,
BIL1422,
BIL8696,
BIL3878,
BIL6594,
BIL7118,
BIL0007,
BIL7052,
BIL5956,
BIL6121,
BIL6696,
BIL2501,
BIL9420,
BIL0620,
BIL1839,
BIL8453,
BIL3067,
BIL1469,
BIL0043,
BIL0963,
BIL4284,
BIL9118,
BIL0875,
BIL7165,
BIL4062,
BIL0861,
BIL5305,
BIL6199,
BIL3254,
BIL0238,
BIL7871,
BIL6364,
BIL5929,
BIL6657,
BIL1537,
BIL8274,
BIL7412,
BIL7181,
BIL0645,
BIL5981,
BIL0800,
BIL0427,
BIL2366,
BIL5955,
BIL0887,
BIL3876,
BIL7940,
BIL1695,
BIL1576,
BIL6245,
BIL5699,
BIL0041,
BIL1579,
BIL5111,
BIL9806,
BIL4320,
BIL3847,
BIL9440,
BIL7043,
BIL5949,
BIL2535,
BIL0413,
BIL5510,
BIL7981,
BIL6438,
BIL7486,
BIL4768,
BIL0439,
BIL6389,
BIL8297,
BIL9575,
BIL1557,
BIL0711,
BIL8004,
BIL7002,
BIL5840,
BIL1018,
BIL9644,
BIL7562,
BIL5673,
BIL6348,
BIL1671,
BIL1321,
BIL8461,
BIL4071,
BIL3423,
BIL8705,
BIL6289,
BIL1492,
BIL4726,
BIL8950,
BIL2853,
BIL7386,
BIL7454,
BIL2328,
BIL1213,
BIL6523,
BIL8878,
BIL5052,
BIL3841,
BIL7708,
BIL2901,
BIL3707,
BIL3009,
BIL4693,
BIL6670,
BIL1835,
BIL0967,
BIL5957,
BIL4324,
BIL0927,
BIL4370,
BIL0333,
BIL0650,
BIL9214,
BIL4738,
BIL0927,
BIL9083,
BIL2219,
BIL3399,
BIL8367,
BIL0810,
BIL6085,
BIL4193,
BIL2013,
BIL6724,
BIL8690,
BIL1510,
BIL8928,
BIL1908,
BIL6402,
BIL3383,
BIL7235,
BIL0907,
BIL5064,
BIL9984,
BIL9416,
BIL8999,
BIL4280,
BIL5256,
BIL4474,
BIL5545,
BIL2470,
BIL1664,
BIL4994,
BIL0461,
BIL7120,
BIL3662,
BIL4125,
BIL1313,
BIL4224,
BIL1073,
BIL7224,
BIL0855,
BIL0746,
BIL5116,
BIL5089,
BIL3136,
BIL0662,
BIL7920,
BIL8041,
BIL9966,
BIL1851,
BIL4925,
BIL8068,
BIL6674,
BIL5180,
BIL3564,
BIL3349,
BIL6665,
BIL5381,
BIL0836,
BIL5287,
BIL4451,
BIL0514,
BIL2926,
BIL5050,
BIL2818,
BIL5514,
BIL8856,
BIL9000,
BIL7460,
BIL2795,
BIL8167,
BIL6591,
BIL6822,
BIL6350,
BIL8115,
BIL9034,
BIL1899,
BIL1464,
BIL8579,
BIL5223,
BIL2329,
BIL6309,
BIL6271,
BIL5449,
BIL0330,
BIL6217,
BIL1110,
BIL6690,
BIL9070,
BIL5176,
BIL3031,
BIL8878,
BIL3270,
BIL2959,
BIL8888,
BIL1397,
BIL7788,
BIL9133,
BIL8682,
BIL6825,
BIL5052,
BIL3654,
BIL6447,
BIL9778,
BIL9841,
BIL4595,
BIL1313,
BIL8593,
BIL3979,
BIL2079,
BIL3961,
BIL6684,
BIL2437,
BIL7738,
BIL4542,
BIL9560,
BIL0929,
BIL5900,
BIL9692,
BIL8720,
BIL6156,
BIL4503,
BIL9498,
BIL6049,
BIL0591,
BIL1725,
BIL4171,
BIL8930,
BIL3208,
BIL0390,
BIL0662,
BIL3373,
BIL1607,
BIL9745,
BIL1535,
BIL3639,
BIL2621,
BIL1285,
BIL0415,
BIL3951,
BIL9733,
BIL6222,
BIL8674,
BIL9812,
BIL3136,
BIL3484,
BIL2038,
BIL7900,
BIL2942,
BIL8068,
BIL2957,
BIL2200,
BIL2044,
BIL9690,
BIL9228,
BIL1678,
BIL6257,
BIL6958,
BIL3625,
BIL0524,
BIL3691,
BIL8696,
BIL6950,
BIL0026,
BIL6476,
BIL6264,
BIL4602,
BIL3655,
BIL4044,
BIL9620,
BIL1164,
BIL5940,
BIL2230,
BIL5065,
BIL7459,
BIL3539,
BIL8956,
BIL1679,
BIL9256,
BIL8368,
BIL1646,
BIL4721,
BIL3262,
BIL5187,
BIL6015,
BIL9699,
BIL2301,
BIL1630,
BIL7910,
BIL9646,
BIL9339,
BIL4209,
BIL3664,
BIL0903,
BIL9413,
BIL2752,
BIL1306,
BIL4165,
BIL2619,
BIL0286,
BIL1849,
BIL0653,
BIL2168,
BIL6191,
BIL6732,
BIL0290,
BIL9436,
BIL9854,
BIL5453,
BIL6597,
BIL1141,
BIL3722,
BIL1595,
BIL1697,
BIL5421,
BIL1743,
BIL7196,
BIL7405,
BIL9057,
BIL6232,
BIL4044,
BIL8012,
BIL5796,
BIL3028,
BIL5252,
BIL1989,
BIL7412,
BIL3689,
BIL9380,
BIL8992,
BIL9463,
BIL0657,
BIL1575,
BIL0800,
BIL8239,
BIL8416,
BIL9559,
BIL7092,
BIL9452,
BIL8677,
BIL8002,
BIL4247,
BIL9793,
BIL1114,
BIL8597,
BIL4574,
BIL3862,
BIL8924,
BIL1312,
BIL2171,
BIL8639,
BIL9182,
BIL1323,
BIL8973,
BIL7666,
BIL3333,
BIL3090,
BIL4128,
BIL6405,
BIL4492,
BIL8620,
BIL6475,
BIL8197,
BIL7921,
BIL7644,
BIL8640,
BIL2599,
BIL4699,
BIL0278,
BIL4429,
BIL4071,
BIL9237,
BIL7339,
BIL5631,
BIL2938,
BIL5700,
BIL0448,
BIL6973,
BIL2826,
BIL9100,
BIL9577,
BIL8655,
BIL4552,
BIL7775,
BIL6229,
BIL0442,
BIL2102,
BIL1731,
BIL0739,
BIL9360,
BIL2249,
BIL8873,
BIL0226,
BIL6007,
BIL3138,
BIL2772,
BIL0283,
BIL4771,
BIL5495,
BIL5135,
BIL9539,
BIL7580,
BIL6797,
BIL0565,
BIL7025,
BIL4190,
BIL3529,
BIL4235,
BIL0617,
BIL8940,
BIL7092,
BIL9104,
BIL3557,
BIL9722,
BIL3189,
BIL0064,
BIL9545,
BIL4069,
BIL3479,
BIL4987,
BIL4632,
BIL9141,
BIL4603,
BIL2453,
BIL1258,
BIL1017,
BIL4003,
BIL9717,
BIL8774,
BIL8388,
BIL6612,
BIL9684,
BIL2345,
BIL9443,
BIL7391,
BIL7007,
BIL5818,
BIL3158,
BIL5061,
BIL3829,
BIL5373,
BIL5046,
BIL8834,
BIL1227,
BIL3050,
BIL2639,
BIL5666,
BIL4829,
BIL9629,
BIL9196,
BIL7369,
BIL4609,
BIL7513,
BIL9786,
BIL6361,
BIL2972,
BIL0783,
BIL7120,
BIL4064,
BIL4734,
BIL6084,
BIL8698,
BIL8839,
BIL2308,
BIL3251,
BIL5804,
BIL8031,
BIL3396,
BIL3323,
BIL0083,
BIL1266,
BIL1433,
BIL0419,
BIL8940,
BIL6255,
BIL7243,
BIL9645,
BIL4484,
BIL4327,
BIL3420,
BIL2685,
BIL1920,
BIL5645,
BIL2271,
BIL4534,
BIL2014,
BIL9752,
BIL4550,
BIL8136,
BIL8576,
BIL5456,
BIL4985,
BIL5472,
BIL7518,
BIL7702,
BIL6445,
BIL5316,
BIL0530,
BIL9769,
BIL0115,
BIL9420,
BIL2377,
BIL4309,
BIL7088,
BIL1920,
BIL6129,
BIL1871,
BIL8701,
BIL9756,
BIL6909,
BIL1868,
BIL5235,
BIL3859,
BIL3622,
BIL5791,
BIL1700,
BIL7112,
BIL3693,
BIL3979,
BIL6275,
BIL5406,
BIL8923,
BIL1438,
BIL9243,
BIL9538,
BIL0062,
BIL1060,
BIL2533,
BIL7588,
BIL0586,
BIL0558,
BIL7864,
BIL5102,
BIL4104,
BIL4226,
BIL4500,
BIL6745,
BIL3346,
BIL5461,
BIL2076,
BIL1688,
BIL5905,
BIL1195,
BIL1501,
BIL9758,
BIL9316,
BIL1277,
BIL1840,
BIL3255,
BIL8211,
BIL3265,
BIL6834,
BIL6199,
BIL5484,
BIL2213,
BIL2651,
BIL3875,
BIL9276,
BIL8113,
BIL4849,
BIL9437,
BIL6059,
BIL3315,
BIL4666,
BIL2091,
BIL4456,
BIL5405,
BIL8817,
BIL0046,
BIL3963,
BIL7938,
BIL4675,
BIL4199,
BIL4561,
BIL8144,
BIL6831,
BIL6235,
BIL1181,
BIL2301,
BIL0498,
BIL2387,
BIL6870,
BIL4296,
BIL2888,
BIL4471,
BIL2317,
BIL7940,
BIL8775,
BIL3184,
BIL5505,
BIL1588,
BIL1773,
BIL4453,
BIL6599,
BIL6989,
BIL5539,
BIL7986,
BIL3631,
BIL7391,
BIL5188,
BIL5607,
BIL4780,
BIL2973,
BIL7259,
BIL6937,
BIL9013,
BIL9770,
BIL5924,
BIL7068,
BIL7173,
BIL7986,
BIL4251,
BIL8324,
BIL9871,
BIL2626,
BIL1425,
BIL4584,
BIL0859,
BIL5935,
BIL6121,
BIL6202,
BIL3432,
BIL2706,
BIL9908,
BIL9324,
BIL6199,
BIL3847,
BIL3188,
BIL1814,
BIL1203,
BIL2812,
BIL1694,
BIL3244,
BIL9169,
BIL0185,
BIL9752,
BIL2201,
BIL0027,
BIL6522,
BIL8230,
BIL6493,
BIL0231,
BIL7969,
BIL4434,
BIL8762,
BIL1236,
BIL5742,
BIL6967,
BIL8973,
BIL3251,
BIL5537,
BIL5085,
BIL6893,
BIL9420,
BIL9040,
BIL7634,
BIL0164,
BIL8023,
BIL6471,
BIL5360,
BIL5040,
BIL6735,
BIL8486,
BIL0152,
BIL2310,
BIL1211,
BIL7521,
BIL6331,
BIL3333,
BIL2622,
BIL6853,
BIL0828,
BIL3551,
BIL1406,
BIL4285,
BIL2917,
BIL5430,
BIL5624,
BIL2190,
BIL2654,
BIL0875,
BIL6451,
BIL6394,
BIL2523,
BIL5799,
BIL0663,
BIL1850,
BIL7893,
BIL1181,
BIL6065,
BIL4947,
BIL5128,
BIL8471,
BIL1728,
BIL3878,
BIL0432,
BIL8603,
BIL7694,
BIL3241,
BIL3079,
BIL7289,
BIL9375,
BIL4948,
BIL4327,
BIL8410,
BIL4764,
BIL9969,
BIL1123,
BIL4375,
BIL4410,
BIL3283,
BIL1628,
BIL4925,
BIL3629,
BIL4317,
BIL0437,
BIL1207,
BIL0192,
BIL1724,
BIL3892,
BIL1508,
BIL1744,
BIL1503,
BIL7449,
BIL1061,
BIL0902,
BIL6068,
BIL6948,
BIL0910,
BIL9415,
BIL0727,
BIL2425,
BIL3038,
BIL0216,
BIL7203,
BIL3257,
BIL5572,
BIL9171,
BIL3306,
BIL0321,
BIL4793,
BIL8216,
BIL8112,
BIL7265,
BIL3955,
BIL4720,
BIL2641,
BIL5308,
BIL8325,
BIL9900,
BIL6375,
BIL1848,
BIL0624,
BIL9247,
BIL2659,
BIL1752,
BIL3707,
BIL3398,
BIL0297,
BIL2379,
BIL2190,
BIL2534,
BIL1427,
BIL2522,
BIL0404,
BIL2570,
BIL9965,
BIL8549,
BIL3229,
BIL6804,
BIL9549,
BIL8654,
BIL9909,
BIL9593,
BIL1719,
BIL4309,
BIL1380,
BIL1495,
BIL4704,
BIL0090,
BIL1439,
BIL6581,
BIL9263,
BIL0183,
BIL7217,
BIL5171,
BIL4792,
BIL6318,
BIL0466,
BIL3208,
BIL1631,
BIL9668,
BIL8729,
BIL4946,
BIL1826,
BIL3477,
BIL7300,
BIL8939,
BIL1121,
BIL0578,
BIL2965,
BIL2388,
BIL1709,
BIL0373,
BIL1545,
BIL9923,
BIL3100,
BIL9081,
BIL4048,
BIL8600,
BIL7748,
BIL2592,
BIL6709,
BIL8370,
BIL3194,
BIL5664,
BIL9680,
BIL2916,
BIL7937,
BIL3230,
BIL9583,
BIL3179,
BIL2126,
BIL5768,
BIL2268,
BIL8029,
BIL9428,
BIL5974,
BIL6458,
BIL4079,
BIL7923,
BIL1001,
BIL3244,
BIL9074,
BIL5709,
BIL6346,
BIL4326,
BIL9130,
BIL9335,
BIL3599,
BIL4726,
BIL0121,
BIL1641,
BIL3931,
BIL3779,
BIL5922,
BIL8822,
BIL6842,
BIL8410,
BIL0916,
BIL1868,
BIL4886,
BIL9697,
BIL7621,
BIL9051,
BIL0777,
BIL8367,
BIL8669,
BIL8913,
BIL5963,
BIL1329,
BIL3088,
BIL0347,
BIL9771,
BIL1939,
BIL9369,
BIL5038,
BIL4005,
BIL3388,
BIL0038,
BIL0794,
BIL3885,
BIL3018,
BIL3560,
BIL8363,
BIL1442,
BIL4541,
BIL9541,
BIL4318,
BIL1640,
BIL8888,
BIL6756,
BIL5906,
BIL4297,
BIL8636,
BIL7858,
BIL4235,
BIL2422,
BIL4532,
BIL6485,
BIL3413,
BIL5174,
BIL7251,
BIL9285,
BIL0077,
BIL4363,
BIL7976,
BIL2330,
BIL1736,
BIL7384,
BIL8058,
BIL8089,
BIL2388,
BIL1132,
BIL0802,
BIL5980,
BIL1013,
BIL1611,
BIL9666,
BIL2301,
BIL5428,
BIL7356,
BIL6698,
BIL5386,
BIL0530,
BIL5451,
BIL6406,
BIL8090,
BIL6877,
BIL6313,
BIL8146,
BIL2166,
BIL6720,
BIL8949,
BIL1829,
BIL7717,
BIL6343,
BIL8242,
BIL0177,
BIL9988,
BIL3663,
BIL4952,
BIL7814,
BIL2008,
BIL8598,
BIL3886,
BIL1852,
BIL3912,
BIL1492,
BIL8735,
BIL6261,
BIL0923,
BIL0701,
BIL7724,
BIL5769,
BIL8302,
BIL2898,
BIL9067,
BIL1492,
BIL8236,
BIL7394,
BIL9609,
BIL9010,
BIL9356,
BIL4407,
BIL4610,
BIL9649,
BIL5287,
BIL5583,
BIL3456,
BIL8795,
BIL8911,
BIL4323,
BIL0628,
BIL0076,
BIL8903,
BIL7250,
BIL5398,
BIL9241,
BIL9294,
BIL2794,
BIL2168,
BIL7204,
BIL9726,
BIL7288,
BIL7387,
BIL6262,
BIL4854,
BIL6460,
BIL4096,
BIL4066,
BIL4218,
BIL2048,
BIL4596,
BIL5133,
BIL3889,
BIL9730,
BIL6304,
BIL9164,
BIL0877,
BIL3729,
BIL3614,
BIL5859,
BIL3623,
BIL4873,
BIL3177,
BIL9684,
BIL4944,
BIL2236,
BIL6645,
BIL1805,
BIL6914,
BIL5763,
BIL2902,
BIL5365,
BIL3829,
BIL8267,
BIL2627,
BIL5304,
BIL2101,
BIL7094,
BIL5628,
BIL6334,
BIL7348,
BIL6260,
BIL5847,
BIL1131,
BIL8107,
BIL3537,
BIL6756,
BIL6247,
BIL7083,
BIL9711,
BIL7217,
BIL7582,
BIL1194,
BIL7273,
BIL9867,
BIL4177,
BIL0674,
BIL2100,
BIL1503,
BIL6442,
BIL8936,
BIL4204,
BIL6555,
BIL1389,
BIL9754,
BIL4604,
BIL5208,
BIL5749,
BIL4660,
BIL5004,
BIL5505,
BIL1215,
BIL6165,
BIL3065,
BIL2003,
BIL4944,
BIL2266,
BIL1443,
BIL9672,
BIL3159,
BIL8107,
BIL2035,
BIL5817,
BIL1869,
BIL9422,
BIL1823,
BIL7984,
BIL1827,
BIL6354,
BIL3072,
BIL8769,
BIL2009,
BIL4041,
BIL8249,
BIL2920,
BIL9217,
BIL7459,
BIL1598,
BIL3357,
BIL4905,
BIL6920,
BIL1973,
BIL6548,
BIL8606,
BIL8240,
BIL6507,
BIL4091,
BIL4220,
BIL4218,
BIL9581,
BIL9689,
BIL0726,
BIL5168,
BIL6181,
BIL6668,
BIL1026,
BIL8120,
BIL1004,
BIL7794,
BIL3541,
BIL0398,
BIL3273,
BIL0298,
BIL6820,
BIL2669,
BIL7799,
BIL6546,
BIL5035,
BIL4504,
BIL6867,
BIL3602,
BIL6418,
BIL4279,
BIL6318,
BIL5431,
BIL6417,
BIL4379,
BIL1948,
BIL6651,
BIL1596,
BIL0083,
BIL6809,
BIL7409,
BIL7655,
BIL5560,
BIL1658,
BIL1633,
BIL6083,
BIL1562,
BIL6921,
BIL9932,
BIL3825,
BIL1564,
BIL2046,
BIL1943,
BIL7071,
BIL2434,
BIL5522,
BIL7554,
BIL5026,
BIL5939,
BIL9667,
BIL2440,
BIL7033,
BIL8708,
BIL9891,
BIL7009,
BIL8736,
BIL8560,
BIL7158,
BIL8927,
BIL1343,
BIL7308,
BIL3512,
BIL7526,
BIL2614,
BIL3241,
BIL7332,
BIL8801,
BIL8547,
BIL5004,
BIL3776,
BIL2982,
BIL5790,
BIL5944,
BIL0097,
BIL7882,
BIL5478,
BIL6563,
BIL8739,
BIL5178,
BIL1135,
BIL7841,
BIL1500,
BIL9155,
BIL8376,
BIL9404,
BIL6163,
BIL4931,
BIL6792,
BIL0507,
BIL6737,
BIL2604,
BIL3340,
BIL4465,
BIL7092,
BIL0680,
BIL4366,
BIL5801,
BIL4082,
BIL0840,
BIL1237,
BIL8501,
BIL2126,
BIL6374,
BIL7365,
BIL7548,
BIL9748,
BIL4660,
BIL2930,
BIL0449,
BIL8437,
BIL8957,
BIL0115,
BIL0140,
BIL0668,
BIL3412,
BIL9229,
BIL6516,
BIL4890,
BIL7002,
BIL7932,
BIL7511,
BIL7167,
BIL0744,
BIL8420,
BIL7572,
BIL3099,
BIL0084,
BIL0007,
BIL2071,
BIL6771,
BIL0936,
BIL6885,
BIL2159,
BIL5881,
BIL0826,
BIL4599,
BIL9749,
BIL2146,
BIL9504,
BIL1534,
BIL2571,
BIL2448,
BIL5726,
BIL3255,
BIL1989,
BIL6579,
BIL8007,
BIL9089,
BIL4713,
BIL2626,
BIL2820,
BIL7333,
BIL4722,
BIL9594,
BIL3980,
BIL1725,
BIL4430,
BIL3688,
BIL8179,
BIL0203,
BIL7994,
BIL4370,
BIL1281,
BIL8481,
BIL1700,
BIL1619,
BIL3708,
BIL7243,
BIL1450,
BIL1083,
BIL8636,
BIL5255,
BIL2364,
BIL4294,
BIL8044,
BIL9413,
BIL8210,
BIL8864,
BIL3191,
BIL5274,
BIL5366,
BIL1813,
BIL7771,
BIL5109,
BIL7769,
BIL7304,
BIL0937,
BIL4729,
BIL3375,
BIL4561,
BIL0948,
BIL1079,
BIL6344,
BIL2018,
BIL4292,
BIL2319,
BIL6356,
BIL3376,
BIL9845,
BIL3499,
BIL1481,
BIL9574,
BIL7347,
BIL2323,
BIL6901,
BIL2188,
BIL6079,
BIL9950,
BIL5438,
BIL7682,
BIL7806,
BIL4756,
BIL5820,
BIL1924,
BIL3873,
BIL8070,
BIL0312,
BIL0581,
BIL2756,
BIL4992,
BIL9226,
BIL3314,
BIL1683,
BIL0519,
BIL3303,
BIL5468,
BIL8146,
BIL9941,
BIL5702,
BIL6581,
BIL7123,
BIL4075,
BIL8661,
BIL4204,
BIL4903,
BIL0844,
BIL0564,
BIL1464,
BIL2087,
BIL9290,
BIL4373,
BIL7433,
BIL3889,
BIL9782,
BIL6588,
BIL2738,
BIL4986,
BIL7028,
BIL2658,
BIL3565,
BIL3620,
BIL7283,
BIL6450,
BIL6190,
BIL6856,
BIL5489,
BIL1453,
BIL9539,
BIL6791,
BIL0560,
BIL3280,
BIL2393,
BIL4409,
BIL8591,
BIL8903,
BIL8175,
BIL2818,
BIL1799,
BIL0901,
BIL4504,
BIL2008,
BIL6327,
BIL3455,
BIL7797,
BIL6782,
BIL9347,
BIL0494,
BIL7395,
BIL4035,
BIL3898,
BIL4279,
BIL7435,
BIL3880,
BIL7892,
BIL9689,
BIL7440,
BIL3058,
BIL1334,
BIL6692,
BIL9440,
BIL1728,
BIL1335,
BIL6411,
BIL0311,
BIL9387,
BIL9607,
BIL7467,
BIL1016,
BIL5039,
BIL0124,
BIL7296,
BIL1768,
BIL4581,
BIL2653,
BIL5837,
BIL0894,
BIL2915,
BIL8360,
BIL5808,
BIL2314,
BIL9390,
BIL0999,
BIL5332,
BIL4811,
BIL2564,
BIL1506,
BIL0375,
BIL4600,
BIL6973,
BIL5507,
BIL0585,
BIL9292,
BIL0053,
BIL5460,
BIL7313,
BIL4988,
BIL2828,
BIL4225,
BIL5384,
BIL2450,
BIL2189,
BIL6715,
BIL4121,
BIL2636,
BIL2314,
BIL8884,
BIL6508,
BIL2643,
BIL2812,
BIL8157,
BIL9671,
BIL6152,
BIL3499,
BIL8873,
BIL8448,
BIL7213,
BIL1585,
BIL7986,
BIL7501,
BIL2515,
BIL6847,
BIL6665,
BIL5790,
BIL9936,
BIL3876,
BIL5105,
BIL7364,
BIL1315,
BIL5523,
BIL4190,
BIL9547,
BIL5679,
BIL1374,
BIL6791,
BIL8373,
BIL9687,
BIL0703,
BIL6014,
BIL4519,
BIL7010,
BIL9902,
BIL6218,
BIL5442,
BIL6773,
BIL5591,
BIL9298,
BIL3835,
BIL0308,
BIL8611,
BIL0957,
BIL8701,
BIL5714,
BIL8543,
BIL0352,
BIL1632,
BIL9449,
BIL4799,
BIL0523,
BIL7300,
BIL2559,
BIL3118,
BIL1245,
BIL5684,
BIL1764,
BIL3021,
BIL8970,
BIL6351,
BIL6278,
BIL2262,
BIL4089,
BIL4183,
BIL2401,
BIL1023,
BIL3778,
BIL2248,
BIL6438,
BIL4294,
BIL7664,
BIL6258,
BIL5920,
BIL5359,
BIL2766,
BIL4100,
BIL0961,
BIL7190,
BIL7258,
BIL1201,
BIL4917,
BIL0222,
BIL4256,
BIL9502,
BIL6895,
BIL5664,
BIL9378,
BIL4259,
BIL9193,
BIL7856,
BIL5355,
BIL5020,
BIL7018,
BIL3407,
BIL6688,
BIL5439,
BIL5703,
BIL7912,
BIL2680,
BIL4255,
BIL1243,
BIL8466,
BIL9104,
BIL3750,
BIL4243,
BIL7841,
BIL1706,
BIL8016,
BIL1757,
BIL9960,
BIL3338,
BIL2232,
BIL1054,
BIL3478,
BIL4282,
BIL7931,
BIL1213,
BIL5850,
BIL7710,
BIL9262,
BIL0237,
BIL0627,
BIL3845,
BIL7312,
BIL7905,
BIL1333,
BIL3570,
BIL2086,
BIL3265,
BIL6777,
BIL3686,
BIL7377,
BIL2074,
BIL9732,
BIL3970,
BIL5457,
BIL8393,
BIL4328,
BIL1391,
BIL2038,
BIL9875,
BIL7764,
BIL4606,
BIL8835,
BIL5847,
BIL8586,
BIL2556,
BIL3778,
BIL8514,
BIL8654,
BIL8447,
BIL9016,
BIL2628,
BIL0737,
BIL4289,
BIL6414,
BIL5816,
BIL1473,
BIL7544,
BIL4556,
BIL7273,
BIL3789,
BIL8767,
BIL9766,
BIL5333,
BIL1461,
BIL1610,
BIL1970,
BIL8075,
BIL0102,
BIL5920,
BIL4914,
BIL2006,
BIL5228,
BIL5818,
BIL2321,
BIL6173,
BIL7002,
BIL6575,
BIL9370,
BIL6520,
BIL3694,
BIL0550,
BIL7761,
BIL3447,
BIL9817,
BIL0127,
BIL3861,
BIL7904,
BIL6401,
BIL8640,
BIL0337,
BIL1032,
BIL2533,
BIL3621,
BIL8714,
BIL4533,
BIL4426,
BIL2287,
BIL9057,
BIL1325,
BIL9535,
BIL9618,
BIL1171,
BIL9430,
BIL5244,
BIL1684,
BIL6094,
BIL3289,
BIL3906,
BIL7274,
BIL7306,
BIL8037,
BIL3951,
BIL8045,
BIL8193,
BIL0854,
BIL5091,
BIL4266,
BIL4105,
BIL4959,
BIL8737,
BIL2915,
BIL6398,
BIL4876,
BIL3558,
BIL2932,
BIL7432,
BIL4341,
BIL3317,
BIL6167,
BIL5170,
BIL6722,
BIL5811,
BIL5614,
BIL4891,
BIL2369,
BIL9020,
BIL0706,
BIL3328,
BIL2313,
BIL1275,
BIL2032,
BIL4484,
BIL3153,
BIL7506,
BIL4410,
BIL8246,
BIL6825,
BIL0091,
BIL9589,
BIL6217,
BIL3299,
BIL3426,
BIL1911,
BIL7867,
BIL1686,
BIL7378,
BIL4729,
BIL3059,
BIL1474,
BIL5346,
BIL0449,
BIL2966,
BIL2000,
BIL2990,
BIL1067,
BIL8642,
BIL6775,
BIL4220,
BIL1251,
BIL1951,
BIL6447,
BIL7137,
BIL8039,
BIL0864,
BIL7307,
BIL2399,
BIL9795,
BIL9007,
BIL3667,
BIL6125,
BIL9897,
BIL0385,
BIL0765,
BIL8225,
BIL3571,
BIL9563,
BIL3074,
BIL8605,
BIL2460,
BIL4226,
BIL1869,
BIL5459,
BIL0473,
BIL1358,
BIL1182,
BIL1099,
BIL2355,
BIL2903,
BIL0243,
BIL8655,
BIL5529,
BIL3571,
BIL2904,
BIL5715,
BIL1923,
BIL3909,
BIL7359,
BIL6549,
BIL9781,
BIL3020,
BIL8981,
BIL8202,
BIL9676,
BIL4378,
BIL7514,
BIL6336,
BIL3501,
BIL4501,
BIL4764,
BIL3673,
BIL3306,
BIL9930,
BIL3834,
BIL0609,
BIL3267,
BIL5074,
BIL2191,
BIL5184,
BIL4481,
BIL5807,
BIL9458,
BIL2304,
BIL8946,
BIL0053,
BIL1291,
BIL2128,
BIL2941,
BIL0747,
BIL7842,
BIL6205,
BIL8976,
BIL2584,
BIL8827,
BIL7958,
BIL9026,
BIL7818,
BIL8462,
BIL6849,
BIL8928,
BIL8480,
BIL9911,
BIL7676,
BIL1433,
BIL4291,
BIL3206,
BIL2607,
BIL6952,
BIL1193,
BIL1198,
BIL2425,
BIL3211,
BIL7794,
BIL6747,
BIL4870,
BIL1063,
BIL4898,
BIL8488,
BIL7570,
BIL8389,
BIL1122,
BIL3573,
BIL7109,
BIL6751,
BIL6948,
BIL3794,
BIL0633,
BIL9570,
BIL9847,
BIL5403,
BIL8707,
BIL9368,
BIL6734,
BIL2923,
BIL2639,
BIL7263,
BIL4510,
BIL0921,
BIL5464,
BIL3110,
BIL5273,
BIL5268,
BIL9499,
BIL1070,
BIL1128,
BIL6967,
BIL0498,
BIL0544,
BIL2072,
BIL5445,
BIL7473,
BIL3596,
BIL1166,
BIL1289,
BIL3205,
BIL3355,
BIL4853,
BIL2844,
BIL9289,
BIL2803,
BIL8549,
BIL5340,
BIL9538,
BIL4607,
BIL9995,
BIL5171,
BIL2142,
BIL6407,
BIL9696,
BIL5353,
BIL3664,
BIL1923,
BIL0855,
BIL5439,
BIL9751,
BIL8070,
BIL6396,
BIL8859,
BIL5210,
BIL6915,
BIL6293,
BIL7750,
BIL7818,
BIL1009,
BIL5013,
BIL8277,
BIL5233,
BIL2922,
BIL7521,
BIL9794,
BIL5686,
BIL0940,
BIL2891,
BIL1572,
BIL6142,
BIL6171,
BIL1489,
BIL1818,
BIL4369,
BIL0302,
BIL0844,
BIL2760,
BIL8708,
BIL1930,
BIL9148,
BIL8365,
BIL5578,
BIL3003,
BIL5571,
BIL1499,
BIL3094,
BIL3169,
BIL9028,
BIL3508,
BIL4969,
BIL5025,
BIL7885,
BIL8120,
BIL7322,
BIL3635,
BIL5167,
BIL8726,
BIL4463,
BIL1269,
BIL6871,
BIL5096,
BIL4257,
BIL7576,
BIL1994,
BIL3537,
BIL1546,
BIL2097,
BIL0229,
BIL9234,
BIL1607,
BIL9010,
BIL1626,
BIL8620,
BIL4326,
BIL4227,
BIL8351,
BIL4123,
BIL3903,
BIL2480,
BIL1863,
BIL0161,
BIL3585,
BIL2189,
BIL5026,
BIL4341,
BIL3837,
BIL0962,
BIL4833,
BIL8648,
BIL9715,
BIL7610,
BIL3511,
BIL0299,
BIL6513,
BIL5331,
BIL0858,
BIL5011,
BIL2698,
BIL7282,
BIL2261,
BIL4384,
BIL9284,
BIL9477,
BIL1735,
BIL5815,
BIL0963,
BIL1274,
BIL2993,
BIL6701,
BIL9793,
BIL7407,
BIL2738,
BIL9495,
BIL9541,
BIL1865,
BIL3396,
BIL9281,
BIL0066,
BIL2429,
BIL2513,
BIL5229,
BIL2876,
BIL1562,
BIL8448,
BIL3963,
BIL5914,
BIL7235,
BIL6089,
BIL4443,
BIL3429,
BIL4719,
BIL1875,
BIL7602,
BIL7614,
BIL9183,
BIL9664,
BIL4252,
BIL3446,
BIL7714,
BIL2846,
BIL6089,
BIL5196,
BIL4870,
BIL6096,
BIL7823,
BIL6637,
BIL8064,
BIL1396,
BIL3684,
BIL7523,
BIL6691,
BIL7912,
BIL3795,
BIL5011,
BIL4564,
BIL4304,
BIL4690,
BIL9649,
BIL4611,
BIL3399,
BIL6691,
BIL1344,
BIL2623,
BIL1959,
BIL5388,
BIL7751,
BIL0228,
BIL8040,
BIL3987,
BIL8263,
BIL6883,
BIL4466,
BIL4059,
BIL3429,
BIL9922,
BIL3438,
BIL8790,
BIL9152,
BIL2204,
BIL9309,
BIL0289,
BIL5486,
BIL2260,
BIL3659,
BIL1094,
BIL6440,
BIL7489,
BIL1004,
BIL3136,
BIL1284,
BIL3848,
BIL9649,
BIL0240,
BIL3721,
BIL4221,
BIL2003,
BIL9530,
BIL6798,
BIL3457,
BIL4237,
BIL5416,
BIL0281,
BIL7857,
BIL4824,
BIL7161,
BIL3327,
BIL8640,
BIL7650,
BIL7160,
BIL3756,
BIL3183,
BIL0472,
BIL0261,
BIL1543,
BIL3397,
BIL9573,
BIL1365,
BIL0244,
BIL5800,
BIL0001,
BIL4116,
BIL7642,
BIL1836,
BIL6013,
BIL0395,
BIL7728,
BIL0464,
BIL0061,
BIL4952,
BIL5271,
BIL5436,
BIL9230,
BIL9323,
BIL2616,
BIL0516,
BIL1725,
BIL5945,
BIL5506,
BIL5958,
BIL7047,
BIL7895,
BIL8231,
BIL5656,
BIL9199,
BIL6677,
BIL5081,
BIL2603,
BIL8271,
BIL8426,
BIL3817,
BIL6666,
BIL6286,
BIL8806,
BIL6029,
BIL5548,
BIL1264,
BIL7468,
BIL4976,
BIL0071,
BIL2165,
BIL8960,
BIL5626,
BIL2461,
BIL6978,
BIL2022,
BIL3677,
BIL9278,
BIL7089,
BIL5821,
BIL7270,
BIL0851,
BIL0265,
BIL4474,
BIL3774,
BIL3421,
BIL4264,
BIL5636,
BIL5142,
BIL4853,
BIL4554,
BIL6251,
BIL9243,
BIL2480,
BIL0328,
BIL3523,
BIL3817,
BIL2391,
BIL5423,
BIL3408,
BIL2814,
BIL7545,
BIL4481,
BIL4064,
BIL1495,
BIL5126,
BIL2892,
BIL9999,
BIL8961,
BIL5559,
BIL1714,
BIL8603,
BIL7231,
BIL1458,
BIL3446,
BIL7076,
BIL1197,
BIL2802,
BIL2111,
BIL6218,
BIL2012,
BIL2110,
BIL1697,
BIL9486,
BIL0575,
BIL6474,
BIL9677,
BIL1758,
BIL1260,
BIL8694,
BIL2041,
BIL9091,
BIL6719,
BIL3906,
BIL2316,
BIL0872,
BIL7739,
BIL7780,
BIL3325,
BIL3890,
BIL6991,
BIL4058,
BIL3057,
BIL4331,
BIL0269,
BIL0587,
BIL8281,
BIL5179,
BIL7621,
BIL7903,
BIL9314,
BIL7467,
BIL4184,
BIL2764,
BIL7399,
BIL7741,
BIL2498,
BIL8355,
BIL6666,
BIL0246,
BIL8883,
BIL2756,
BIL3034,
BIL0335,
BIL5262,
BIL2544,
BIL0553,
BIL0524,
BIL1161,
BIL5486,
BIL5088,
BIL6889,
BIL6271,
BIL7829,
BIL3787,
BIL6938,
BIL0480,
BIL5488,
BIL0848,
BIL3755,
BIL8187,
BIL1996,
BIL4162,
BIL5929,
BIL5876,
BIL1230,
BIL9881,
BIL9804,
BIL5258,
BIL4877,
BIL5472,
BIL2702,
BIL2460,
BIL3071,
BIL7153,
BIL2049,
BIL9561,
BIL3759,
BIL9002,
BIL9288,
BIL5943,
BIL2433,
BIL7757,
BIL1820,
BIL6307,
BIL2251,
BIL4491,
BIL3210,
BIL5390,
BIL5487,
BIL1607,
BIL2915,
BIL6356,
BIL7401,
BIL0263,
BIL1131,
BIL6583,
BIL6930,
BIL4100,
BIL8582,
BIL6743,
BIL3304,
BIL3776,
BIL9488,
BIL9069,
BIL9869,
BIL4090,
BIL2807,
BIL6098,
BIL1322,
BIL1015,
BIL4064,
BIL4325,
BIL7957,
BIL3537,
BIL2058,
BIL3111,
BIL4329,
BIL4565,
BIL5705,
BIL1484,
BIL4954,
BIL1548,
BIL3844,
BIL5447,
BIL1655,
BIL6217,
BIL9068,
BIL1555,
BIL6438,
BIL6682,
BIL7744,
BIL8188,
BIL6271,
BIL1737,
BIL9059,
BIL8440,
BIL5154,
BIL0272,
BIL0040,
BIL1950,
BIL7309,
BIL2400,
BIL1493,
BIL2163,
BIL9833,
BIL6466,
BIL2527,
BIL0101,
BIL3966,
BIL4514,
BIL1912,
BIL2488,
BIL4901,
BIL2527,
BIL9703,
BIL4204,
BIL6367,
BIL2925,
BIL5517,
BIL4624,
BIL0804,
BIL5644,
BIL7601,
BIL3726,
BIL3205,
BIL6575,
BIL6851,
BIL6894,
BIL7115,
BIL8536,
BIL6690,
BIL4024,
BIL3257,
BIL9766,
BIL2194,
BIL4663,
BIL2961,
BIL9079,
BIL5661,
BIL4936,
BIL2712,
BIL7923,
BIL3930,
BIL6807,
BIL3337,
BIL0553,
BIL9448,
BIL0063,
BIL8669,
BIL5184,
BIL6008,
BIL5062,
BIL6552,
BIL1060,
BIL5079,
BIL0296,
BIL2826,
BIL4138,
BIL2476,
BIL3128,
BIL3969,
BIL8685,
BIL3296,
BIL8395,
BIL7904,
BIL6560,
BIL3935,
BIL5213,
BIL3012,
BIL5376,
BIL3685,
BIL3492,
BIL4899,
BIL3366,
BIL4816,
BIL5388,
BIL4880,
BIL6541,
BIL8953,
BIL5427,
BIL6950,
BIL3325,
BIL4277,
BIL3888,
BIL0315,
BIL6732,
BIL1453,
BIL2253,
BIL9404,
BIL4226,
BIL7783,
BIL7231,
BIL4095,
BIL6904,
BIL2632,
BIL3022,
BIL0709,
BIL1640,
BIL7857,
BIL0412,
BIL2250,
BIL4346,
BIL1191,
BIL1467,
BIL7868,
BIL3635,
BIL3802,
BIL5424,
BIL8008,
BIL7626,
BIL2105,
BIL9224,
BIL0557,
BIL7202,
BIL3553,
BIL0831,
BIL1861,
BIL8563,
BIL0144,
BIL5793,
BIL5574,
BIL6653,
BIL9985,
BIL7904,
BIL9793,
BIL7853,
BIL3574,
BIL2465,
BIL1269,
BIL4740,
BIL4425,
BIL0825,
BIL2471,
BIL6293,
BIL4872,
BIL4040,
BIL1352,
BIL5445,
BIL0801,
BIL7340,
BIL3740,
BIL4615,
BIL6207,
BIL9585,
BIL6542,
BIL5460,
BIL9706,
BIL7802,
BIL5456,
BIL8449,
BIL7481,
BIL6897,
BIL8773,
BIL9784,
BIL8999,
BIL0015,
BIL7742,
BIL7766,
BIL0091,
BIL3289,
BIL8011,
BIL2845,
BIL7999,
BIL3758,
BIL9537,
BIL6425,
BIL7194,
BIL8232,
BIL3521,
BIL9411,
BIL6150,
BIL6107,
BIL1295,
BIL9818,
BIL5003,
BIL3261,
BIL6677,
BIL6548,
BIL5244,
BIL2290,
BIL4956,
BIL4607,
BIL5166,
BIL7375,
BIL3282,
BIL2812,
BIL3782,
BIL1796,
BIL8555,
BIL8853,
BIL6896,
BIL7517,
BIL2882,
BIL5896,
BIL2334,
BIL9569,
BIL5491,
BIL8723,
BIL0851,
BIL1809,
BIL7704,
BIL1954,
BIL4679,
BIL4084,
BIL5447,
BIL6341,
BIL2766,
BIL7631,
BIL6040,
BIL9455,
BIL6834,
BIL9914,
BIL1627,
BIL4659,
BIL4184,
BIL2966,
BIL3703,
BIL7528,
BIL8194,
BIL6529,
BIL8278,
BIL6276,
BIL5653,
BIL9462,
BIL3717,
BIL6224,
BIL3438,
BIL6082,
BIL6023,
BIL4065,
BIL4453,
BIL0306,
BIL4959,
BIL1944,
BIL6016,
BIL9023,
BIL8493,
BIL4078,
BIL3488,
BIL4135,
BIL7507,
BIL8063,
BIL7251,
BIL5270,
BIL2262,
BIL2245,
BIL9998,
BIL4443,
BIL7404,
BIL8724,
BIL4455,
BIL0221,
BIL2188,
BIL4815,
BIL9435,
BIL1014,
BIL3265,
BIL4921,
BIL9358,
BIL3402,
BIL5547,
BIL8658,
BIL2950,
BIL3171,
BIL0786,
BIL3228,
BIL9523,
BIL3880,
BIL9996,
BIL6931,
BIL3146,
BIL7060,
BIL9689,
BIL7460,
BIL8424,
BIL7936,
BIL3370,
BIL4168,
BIL0598,
BIL8769,
BIL7594,
BIL1955,
BIL1125,
BIL4430,
BIL5136,
BIL9175,
BIL0605,
BIL3187,
BIL3673,
BIL2286,
BIL8779,
BIL8213,
BIL2369,
BIL7555,
BIL8901,
BIL3072,
BIL8240,
BIL4146,
BIL4161,
BIL7444,
BIL1510,
BIL5525,
BIL9667,
BIL9807,
BIL7785,
BIL9860,
BIL5945,
BIL1372,
BIL4797,
BIL9634,
BIL2139,
BIL9971,
BIL0127,
BIL2441,
BIL9697,
BIL4986,
BIL5595,
BIL3787,
BIL6424,
BIL9263,
BIL5648,
BIL3567,
BIL8289,
BIL0606,
BIL4458,
BIL2311,
BIL9906,
BIL0089,
BIL0901,
BIL5976,
BIL5419,
BIL0736,
BIL8477,
BIL6862,
BIL0324,
BIL4738,
BIL5218,
BIL9557,
BIL4450,
BIL1447,
BIL0879,
BIL8457,
BIL9868,
BIL7847,
BIL3939,
BIL5284,
BIL8644,
BIL1216,
BIL4921,
BIL7279,
BIL2391,
BIL7563,
BIL0412,
BIL3299,
BIL4384,
BIL8046,
BIL2349,
BIL3345,
BIL3824,
BIL0902,
BIL0625,
BIL9219,
BIL2778,
BIL2493,
BIL7575,
BIL1105,
BIL3677,
BIL0749,
BIL2042,
BIL1371,
BIL7108,
BIL9143,
BIL8296,
BIL3667,
BIL6910,
BIL8489,
BIL5886,
BIL7672,
BIL0157,
BIL8310,
BIL3655,
BIL9724,
BIL3099,
BIL0455,
BIL9574,
BIL4450,
BIL6643,
BIL0099,
BIL1139,
BIL9696,
BIL2759,
BIL2596,
BIL3306,
BIL8111,
BIL8402,
BIL2903,
BIL6136,
BIL8359,
BIL2722,
BIL1358,
BIL2236,
BIL0522,
BIL6760,
BIL6376,
BIL4896,
BIL3170,
BIL5046,
BIL3803,
BIL6260,
BIL6354,
BIL6648,
BIL1969,
BIL4485,
BIL3630,
BIL5065,
BIL4513,
BIL7848,
BIL2411,
BIL6639,
BIL7296,
BIL3492,
BIL1582,
BIL6606,
BIL4055,
BIL9117,
BIL7903,
BIL1903,
BIL5338,
BIL0160,
BIL8745,
BIL2016,
BIL0370,
BIL7912,
BIL7940,
BIL8533,
BIL4165,
BIL0138,
BIL0013,
BIL0609,
BIL0593,
BIL0222,
BIL1697,
BIL5757,
BIL3582,
BIL0062,
BIL1964,
BIL9877,
BIL1316,
BIL5141,
BIL3445,
BIL5158,
BIL7556,
BIL4734,
BIL3591,
BIL8497,
BIL0179,
BIL1487,
BIL8527,
BIL5343,
BIL0158,
BIL5816,
BIL0387,
BIL0091,
BIL8085,
BIL3588,
BIL6087,
BIL6008,
BIL1787,
BIL9139,
BIL1867,
BIL8735,
BIL4559,
BIL7574,
BIL6439,
BIL8288,
BIL6467,
BIL6802,
BIL3493,
BIL3182,
BIL6733,
BIL1220,
BIL7717,
BIL7843,
BIL3184,
BIL7941,
BIL7359,
BIL0434,
BIL3084,
BIL5984,
BIL8420,
BIL3322,
BIL3471,
BIL6203,
BIL7907,
BIL8342,
BIL2836,
BIL8732,
BIL9358,
BIL3486,
BIL1427,
BIL4684,
BIL3189,
BIL7593,
BIL4067,
BIL0894,
BIL6548,
BIL8400,
BIL0718,
BIL1813,
BIL7925,
BIL8819,
BIL5030,
BIL4913,
BIL4992,
BIL2181,
BIL4362,
BIL5437,
BIL9877,
BIL6650,
BIL5186,
BIL0596,
BIL5189,
BIL8020,
BIL8528,
BIL2771,
BIL1631,
BIL3563,
BIL1315,
BIL3546,
BIL4620,
BIL4731,
BIL8207,
BIL4809,
BIL8054,
BIL7518,
BIL8429,
BIL7409,
BIL6409,
BIL9885,
BIL6343,
BIL1049,
BIL3582,
BIL6142,
BIL0016,
BIL6761,
BIL7022,
BIL5920,
BIL7257,
BIL2121,
BIL2623,
BIL8885,
BIL1276,
BIL1017,
BIL2032,
BIL2206,
BIL2089,
BIL0516,
BIL9142,
BIL2801,
BIL3518,
BIL2019,
BIL5500,
BIL7126,
BIL9765,
BIL3084,
BIL6072,
BIL8369,
BIL1239,
BIL8396,
BIL3431,
BIL5131,
BIL5181,
BIL8270,
BIL3975,
BIL3936,
BIL6674,
BIL7949,
BIL6165,
BIL6715,
BIL2054,
BIL3188,
BIL3293,
BIL1862,
BIL1365,
BIL7305,
BIL2669,
BIL2336,
BIL5446,
BIL0670,
BIL9602,
BIL2942,
BIL8309,
BIL1596,
BIL2798,
BIL3820,
BIL3115,
BIL4014,
BIL0480,
BIL3916,
BIL7001,
BIL2920,
BIL6301,
BIL0414,
BIL9610,
BIL1795,
BIL7378,
BIL9921,
BIL1383,
BIL6571,
BIL2434,
BIL1458,
BIL8978,
BIL8293,
BIL0101,
BIL2524,
BIL9652,
BIL0030,
BIL4194,
BIL0011,
BIL2485,
BIL3663,
BIL8546,
BIL8649,
BIL4938,
BIL0175,
BIL3807,
BIL7156,
BIL7178,
BIL2401,
BIL4964,
BIL2512,
BIL7396,
BIL1481,
BIL1541,
BIL4603,
BIL7610,
BIL9769,
BIL3807,
BIL3942,
BIL5279,
BIL2389,
BIL6717,
BIL3546,
BIL8743,
BIL5244,
BIL9832,
BIL5082,
BIL3649,
BIL4788,
BIL2870,
BIL4646,
BIL6834,
BIL3958,
BIL0993,
BIL6694,
BIL0484,
BIL6747,
BIL2624,
BIL9848,
BIL5185,
BIL0491,
BIL5949,
BIL6392,
BIL7353,
BIL4129,
BIL0015,
BIL5588,
BIL5067,
BIL4316,
BIL3585,
BIL0538,
BIL3653,
BIL7252,
BIL9261,
BIL2400,
BIL0204,
BIL6173,
BIL7461,
BIL9747,
BIL2214,
BIL1322,
BIL3610,
BIL5033,
BIL7012,
BIL6355,
BIL0421,
BIL2107,
BIL6937,
BIL1709,
BIL7694,
BIL9219,
BIL8483,
BIL5064,
BIL4249,
BIL7517,
BIL1706,
BIL5516,
BIL6616,
BIL0574,
BIL0397,
BIL5070,
BIL1505,
BIL6170,
BIL3373,
BIL6849,
BIL9441,
BIL9118,
BIL9422,
BIL5131,
BIL9436,
BIL4166,
BIL5761,
BIL6965,
BIL0519,
BIL6215,
BIL8349,
BIL2942,
BIL0803,
BIL5435,
BIL2130,
BIL0342,
BIL0384,
BIL5766,
BIL5183,
BIL7089,
BIL4726,
BIL9482,
BIL1379,
BIL5144,
BIL1350,
BIL0754,
BIL7518,
BIL1897,
BIL5287,
BIL6246,
BIL9360,
BIL0171,
BIL5647,
BIL2910,
BIL5317,
BIL9007,
BIL1352,
BIL7214,
BIL2042,
BIL8945,
BIL0534,
BIL3518,
BIL7231,
BIL7486,
BIL9343,
BIL8074,
BIL5807,
BIL5188,
BIL8798,
BIL0063,
BIL9654,
BIL0612,
BIL2881,
BIL4208,
BIL0706,
BIL6575,
BIL7169,
BIL5231,
BIL8179,
BIL6114,
BIL8320,
BIL3812,
BIL7874,
BIL4694,
BIL8239,
BIL8901,
BIL6639,
BIL3205,
BIL6499,
BIL5849,
BIL8766,
BIL9398,
BIL9914,
BIL5982,
BIL5477,
BIL1149,
BIL0690,
BIL7729,
BIL2393,
BIL8921,
BIL9504,
BIL0677,
BIL4934,
BIL5538,
BIL3106,
BIL3106,