TID3899,
TID8383,
TID9550,
TID7838,
TID1801,
TID0793,
TID4310,
TID2317,
TID9276,
TID6478,
TID2335,
TID4669,
TID4712,
TID1405,
TID5688,
TID2129,
TID2117,
TID8101,
TID9107,
TID9826,
TID3374,
TID7586,
TID0834,
TID5109,
TID5314,
TID3423,
TID4230,
TID0125,
TID7333,
TID2078,
TID9288,
TID9994,
TID3465,
TID3137,
TID3610,
TID2362,
TID1941,
TID7685,
TID2173,
TID5673,
TID9190,
TID2739,
TID1251,
TID6155,
TID0498,
TID8692,
TID4992,
TID0949,
TID5338,
TID6876,
TID9168,
TID8694,
TID7965,
TID6133,
TID0817,
TID7830,
TID5522,
TID2760,
TID1656,
TID3773,
TID9707,
TID3835,
TID0502,
TID6174,
TID1076,
TID6083,
TID4156,
TID3733,
TID2854,
TID6179,
TID8497,
TID2905,
TID1634,
TID1198,
TID0258,
TID5692,
TID2111,
TID4506,
TID2943,
TID4339,
TID7558,
TID7710,
TID8697,
TID5494,
TID9717,
TID8978,
TID3103,
TID5118,
TID9497,
TID0632,
TID8568,
TID2135,
TID8831,
TID7672,
TID6253,
TID4044,
TID8415,
TID3497,
TID6108,
TID9664,
TID4407,
TID9001,
TID2885,
TID9477,
TID4864,
TID8247,
TID3503,
TID5123,
TID0042,
TID8019,
TID8510,
TID4540,
TID5259,
TID2819,
TID5627,
TID1263,
TID1902,
TID6571,
TID9616,
TID8902,
TID7710,
TID5523,
TID2869,
TID8252,
TID0241,
TID7654,
TID6964,
TID8407,
TID0016,
TID0825,
TID2143,
TID1286,
TID0104,
TID9221,
TID3435,
TID4525,
TID8180,
TID3648,
TID2988,
TID3195,
TID3708,
TID5530,
TID7576,
TID4166,
TID5485,
TID1973,
TID2918,
TID7710,
TID4780,
TID8339,
TID8585,
TID3347,
TID8539,
TID1205,
TID1781,
TID7690,
TID4248,
TID7776,
TID1429,
TID7232,
TID4239,
TID2508,
TID1094,
TID4138,
TID2821,
TID2915,
TID3020,
TID0646,
TID5530,
TID0203,
TID0965,
TID4647,
TID1874,
TID7777,
TID4010,
TID4290,
TID5505,
TID2698,
TID7720,
TID3133,
TID5872,
TID9077,
TID5877,
TID1781,
TID7841,
TID8443,
TID3828,
TID5642,
TID1781,
TID9014,
TID4070,
TID8689,
TID7309,
TID8267,
TID3331,
TID5218,
TID2483,
TID8176,
TID0967,
TID8350,
TID8127,
TID5841,
TID1759,
TID0349,
TID5213,
TID9692,
TID3941,
TID9016,
TID3740,
TID2603,
TID6810,
TID2810,
TID3436,
TID8430,
TID3389,
TID6663,
TID1339,
TID6923,
TID8258,
TID5080,
TID3980,
TID5611,
TID0780,
TID9635,
TID8062,
TID9860,
TID4628,
TID6671,
TID9400,
TID1337,
TID3893,
TID5094,
TID0481,
TID4965,
TID0056,
TID9627,
TID3867,
TID6488,
TID2397,
TID0039,
TID8555,
TID6348,
TID7703,
TID7378,
TID1918,
TID0904,
TID7597,
TID8487,
TID1233,
TID5094,
TID6087,
TID6629,
TID2614,
TID1572,
TID5152,
TID8899,
TID0573,
TID3455,
TID1318,
TID4048,
TID0103,
TID2452,
TID4494,
TID6723,
TID6221,
TID6646,
TID3923,
TID0485,
TID2261,
TID3190,
TID6501,
TID5595,
TID4716,
TID2975,
TID9377,
TID2393,
TID0997,
TID6202,
TID4709,
TID2031,
TID3363,
TID7234,
TID3706,
TID8932,
TID8395,
TID8091,
TID8461,
TID1744,
TID6195,
TID2545,
TID6944,
TID3056,
TID1348,
TID9298,
TID7228,
TID1236,
TID6405,
TID6352,
TID2840,
TID2584,
TID5695,
TID4021,
TID0066,
TID0587,
TID8516,
TID5222,
TID2330,
TID2810,
TID9516,
TID9374,
TID4559,
TID6997,
TID1630,
TID3532,
TID9640,
TID7287,
TID0534,
TID3718,
TID0631,
TID7258,
TID1455,
TID5890,
TID6223,
TID5678,
TID7566,
TID7597,
TID3038,
TID6391,
TID4486,
TID1239,
TID5775,
TID8225,
TID5024,
TID5354,
TID2053,
TID5298,
TID7904,
TID7114,
TID2356,
TID5011,
TID4855,
TID3008,
TID2246,
TID2803,
TID5337,
TID1291,
TID9605,
TID4172,
TID8629,
TID1649,
TID3965,
TID7966,
TID5310,
TID1351,
TID5237,
TID7854,
TID2553,
TID9130,
TID6435,
TID9472,
TID5810,
TID1978,
TID5407,
TID2859,
TID2542,
TID9484,
TID7097,
TID6846,
TID0977,
TID3828,
TID1210,
TID2098,
TID5865,
TID9683,
TID2313,
TID1383,
TID7415,
TID4395,
TID7625,
TID5709,
TID2523,
TID5454,
TID9263,
TID6820,
TID6429,
TID1507,
TID8770,
TID2243,
TID2340,
TID7198,
TID1044,
TID3233,
TID3297,
TID0132,
TID5350,
TID2246,
TID1113,
TID5422,
TID1034,
TID0976,
TID4864,
TID4251,
TID2733,
TID5120,
TID0609,
TID2493,
TID2987,
TID9828,
TID6937,
TID2583,
TID5479,
TID2393,
TID1554,
TID5672,
TID7296,
TID6017,
TID0053,
TID5915,
TID9313,
TID2859,
TID0311,
TID8280,
TID7127,
TID8139,
TID1057,
TID9346,
TID2033,
TID9492,
TID2961,
TID3107,
TID5689,
TID5444,
TID6087,
TID7393,
TID8545,
TID9203,
TID1221,
TID9382,
TID0540,
TID3118,
TID4035,
TID1028,
TID6723,
TID0884,
TID6229,
TID7501,
TID9131,
TID8969,
TID2265,
TID9513,
TID7734,
TID3066,
TID9045,
TID2115,
TID2280,
TID6078,
TID5404,
TID8811,
TID6266,
TID2592,
TID4257,
TID3522,
TID3259,
TID4778,
TID0850,
TID9605,
TID6675,
TID7621,
TID9028,
TID0260,
TID0997,
TID0805,
TID5391,
TID5023,
TID5456,
TID6656,
TID6877,
TID6647,
TID1366,
TID8427,
TID1678,
TID8143,
TID1987,
TID1138,
TID8172,
TID1944,
TID8950,
TID0001,
TID4437,
TID5978,
TID5912,
TID2121,
TID9936,
TID8337,
TID3405,
TID5775,
TID7938,
TID9786,
TID4343,
TID2217,
TID8779,
TID8523,
TID3036,
TID4860,
TID0985,
TID9807,
TID9257,
TID5992,
TID5372,
TID9047,
TID0890,
TID6334,
TID1239,
TID3713,
TID6009,
TID8736,
TID7804,
TID9391,
TID6916,
TID2052,
TID2240,
TID7410,
TID8535,
TID0942,
TID7902,
TID8505,
TID1446,
TID2455,
TID5422,
TID2157,
TID2243,
TID5704,
TID4209,
TID2165,
TID6890,
TID3624,
TID0898,
TID9036,
TID0620,
TID7753,
TID1361,
TID2327,
TID8783,
TID3418,
TID0056,
TID9459,
TID8286,
TID4052,
TID1258,
TID2782,
TID8710,
TID3098,
TID9181,
TID6530,
TID1683,
TID2963,
TID3421,
TID0780,
TID9383,
TID7794,
TID3591,
TID5484,
TID3400,
TID3493,
TID3566,
TID0461,
TID8127,
TID4525,
TID6575,
TID2631,
TID2335,
TID5660,
TID8430,
TID6504,
TID1366,
TID8498,
TID3442,
TID4213,
TID3471,
TID9061,
TID7588,
TID0277,
TID9511,
TID4128,
TID3109,
TID4057,
TID5814,
TID5269,
TID8616,
TID8608,
TID5961,
TID7372,
TID5468,
TID4591,
TID7027,
TID2998,
TID1529,
TID1704,
TID8138,
TID1314,
TID3626,
TID6914,
TID5585,
TID9650,
TID8156,
TID8927,
TID6803,
TID7663,
TID0067,
TID3074,
TID5724,
TID8335,
TID4521,
TID7407,
TID1128,
TID2268,
TID0389,
TID9270,
TID5760,
TID1172,
TID4594,
TID5497,
TID8170,
TID5732,
TID8640,
TID6327,
TID0575,
TID3027,
TID3892,
TID5418,
TID1521,
TID1647,
TID1362,
TID6803,
TID9922,
TID4075,
TID1335,
TID2695,
TID2555,
TID0317,
TID2663,
TID8726,
TID1152,
TID5911,
TID2369,
TID1386,
TID3507,
TID1392,
TID5077,
TID8425,
TID3731,
TID7298,
TID7436,
TID5883,
TID8293,
TID9631,
TID8893,
TID2864,
TID0810,
TID8900,
TID2009,
TID9224,
TID3572,
TID9086,
TID6854,
TID3885,
TID1878,
TID7147,
TID2689,
TID1169,
TID5832,
TID0582,
TID0493,
TID7671,
TID2819,
TID0555,
TID9315,
TID5748,
TID5826,
TID0766,
TID8259,
TID0353,
TID4544,
TID1675,
TID5623,
TID9871,
TID2068,
TID1374,
TID2421,
TID4405,
TID0894,
TID0292,
TID1524,
TID6734,
TID2481,
TID6197,
TID9869,
TID8729,
TID1172,
TID2312,
TID0182,
TID8225,
TID7949,
TID3719,
TID6741,
TID1115,
TID6804,
TID3668,
TID4230,
TID9121,
TID5677,
TID0252,
TID9965,
TID6602,
TID3933,
TID8236,
TID3024,
TID9921,
TID1454,
TID7130,
TID8981,
TID7942,
TID8421,
TID1364,
TID2658,
TID0285,
TID6293,
TID0223,
TID3937,
TID1914,
TID1863,
TID4046,
TID0823,
TID9013,
TID3250,
TID1772,
TID0236,
TID2428,
TID2131,
TID1428,
TID4576,
TID6078,
TID5132,
TID3852,
TID9304,
TID7027,
TID1165,
TID0469,
TID9127,
TID7020,
TID9037,
TID2207,
TID5040,
TID2675,
TID5036,
TID7822,
TID0890,
TID1586,
TID9094,
TID5548,
TID4994,
TID7740,
TID7937,
TID3930,
TID9153,
TID2049,
TID7615,
TID0297,
TID7577,
TID3988,
TID4408,
TID0562,
TID4486,
TID9898,
TID3773,
TID7118,
TID8563,
TID5449,
TID6884,
TID3813,
TID9268,
TID4949,
TID2293,
TID3980,
TID0102,
TID2762,
TID1858,
TID6160,
TID6510,
TID6834,
TID2110,
TID9273,
TID0148,
TID0028,
TID7580,
TID1469,
TID1668,
TID6832,
TID6848,
TID3596,
TID9465,
TID7360,
TID4868,
TID0123,
TID5173,
TID0526,
TID8720,
TID4356,
TID9351,
TID2031,
TID1281,
TID3871,
TID5861,
TID4676,
TID6831,
TID8728,
TID6497,
TID8414,
TID7816,
TID4378,
TID5855,
TID5518,
TID0478,
TID3876,
TID1180,
TID3372,
TID7444,
TID6382,
TID3760,
TID7897,
TID2267,
TID2480,
TID4372,
TID4161,
TID9268,
TID7412,
TID8521,
TID5598,
TID5204,
TID2717,
TID6302,
TID9148,
TID8124,
TID6035,
TID3689,
TID0736,
TID5824,
TID8366,
TID2938,
TID7902,
TID8305,
TID7585,
TID8820,
TID4180,
TID1983,
TID5728,
TID2988,
TID8328,
TID4754,
TID9076,
TID9847,
TID0322,
TID4556,
TID0706,
TID5462,
TID0712,
TID2542,
TID5790,
TID0423,
TID3036,
TID5238,
TID7236,
TID0031,
TID9442,
TID3742,
TID4658,
TID7592,
TID0561,
TID9352,
TID2344,
TID7164,
TID6106,
TID1418,
TID1811,
TID8376,
TID1938,
TID6606,
TID7938,
TID9127,
TID4774,
TID5275,
TID2294,
TID6057,
TID8842,
TID1293,
TID1534,
TID6857,
TID7089,
TID8006,
TID1253,
TID7390,
TID6380,
TID9879,
TID2470,
TID7890,
TID7052,
TID7974,
TID8238,
TID8292,
TID3131,
TID4827,
TID1103,
TID0644,
TID0671,
TID0526,
TID0224,
TID2858,
TID7445,
TID9766,
TID9212,
TID7331,
TID5370,
TID5802,
TID7338,
TID2477,
TID9786,
TID6817,
TID0444,
TID7733,
TID4626,
TID9406,
TID6735,
TID4429,
TID1534,
TID6906,
TID6919,
TID2257,
TID1269,
TID7016,
TID9732,
TID7949,
TID6254,
TID2599,
TID1317,
TID6373,
TID9017,
TID5041,
TID6232,
TID1343,
TID6198,
TID3186,
TID0664,
TID5206,
TID3970,
TID6682,
TID0424,
TID4941,
TID9976,
TID6486,
TID6123,
TID8296,
TID2819,
TID1624,
TID5955,
TID9836,
TID4618,
TID1768,
TID6193,
TID0242,
TID2808,
TID3866,
TID4638,
TID5843,
TID6381,
TID6837,
TID2119,
TID1751,
TID0798,
TID8342,
TID2825,
TID7506,
TID9234,
TID1964,
TID6538,
TID7228,
TID5386,
TID2381,
TID0952,
TID9015,
TID6454,
TID1222,
TID4983,
TID8648,
TID1309,
TID5115,
TID1297,
TID3045,
TID4516,
TID8058,
TID6146,
TID2057,
TID4097,
TID1879,
TID1655,
TID7764,
TID9821,
TID5479,
TID0593,
TID7508,
TID2217,
TID3560,
TID0856,
TID9246,
TID9131,
TID9141,
TID6196,
TID4319,
TID3698,
TID6918,
TID8357,
TID9131,
TID7298,
TID5840,
TID1819,
TID9690,
TID5890,
TID9443,
TID9042,
TID2554,
TID5601,
TID0694,
TID6320,
TID3618,
TID1713,
TID0401,
TID7925,
TID4804,
TID2858,
TID5796,
TID1621,
TID6084,
TID6759,
TID7497,
TID7448,
TID3195,
TID5451,
TID7308,
TID6451,
TID6667,
TID9679,
TID9809,
TID3495,
TID7351,
TID9380,
TID9732,
TID0898,
TID3096,
TID2078,
TID6173,
TID5133,
TID3589,
TID7326,
TID7264,
TID8764,
TID3307,
TID1110,
TID2826,
TID6306,
TID3492,
TID5150,
TID6129,
TID5018,
TID7021,
TID5983,
TID5043,
TID8747,
TID1801,
TID3336,
TID2492,
TID1412,
TID9591,
TID4703,
TID5571,
TID2120,
TID7228,
TID5147,
TID1842,
TID0072,
TID9262,
TID8511,
TID6134,
TID0100,
TID4823,
TID1010,
TID4540,
TID5446,
TID8943,
TID1842,
TID7176,
TID7576,
TID4598,
TID8074,
TID3774,
TID7382,
TID9264,
TID3690,
TID9137,
TID2664,
TID7868,
TID3445,
TID9661,
TID9806,
TID2622,
TID9308,
TID9678,
TID6614,
TID1462,
TID0934,
TID1831,
TID0553,
TID7096,
TID2991,
TID6136,
TID7887,
TID7927,
TID3816,
TID7120,
TID0135,
TID9348,
TID7141,
TID9461,
TID3635,
TID3947,
TID8453,
TID3332,
TID3143,
TID9396,
TID3530,
TID2596,
TID4977,
TID7127,
TID2793,
TID4891,
TID2831,
TID1434,
TID3656,
TID1510,
TID2071,
TID6161,
TID9308,
TID1178,
TID3092,
TID3568,
TID5579,
TID7353,
TID4317,
TID6249,
TID9644,
TID4292,
TID4589,
TID8419,
TID8195,
TID4179,
TID5031,
TID6574,
TID8445,
TID3055,
TID8144,
TID5894,
TID6805,
TID3982,
TID6972,
TID8867,
TID4564,
TID7687,
TID0956,
TID1267,
TID8723,
TID1935,
TID9462,
TID8588,
TID4249,
TID7413,
TID3657,
TID2244,
TID6540,
TID6565,
TID1436,
TID0104,
TID7421,
TID9753,
TID6370,
TID1986,
TID4785,
TID2453,
TID8125,
TID1549,
TID0154,
TID0340,
TID9604,
TID2499,
TID5451,
TID8372,
TID0624,
TID2051,
TID1480,
TID4446,
TID4800,
TID5453,
TID1925,
TID8142,
TID2811,
TID2579,
TID2804,
TID4128,
TID4465,
TID9000,
TID1057,
TID5624,
TID3429,
TID2267,
TID5427,
TID5896,
TID3204,
TID6251,
TID9909,
TID7418,
TID3212,
TID5103,
TID9370,
TID9261,
TID1404,
TID5192,
TID3843,
TID1606,
TID7487,
TID2365,
TID9292,
TID2285,
TID3024,
TID6434,
TID9861,
TID0584,
TID5800,
TID6531,
TID0146,
TID7935,
TID4475,
TID1514,
TID4482,
TID4986,
TID0875,
TID2133,
TID4946,
TID3143,
TID3233,
TID3677,
TID7294,
TID9123,
TID5458,
TID2529,
TID7930,
TID9328,
TID8448,
TID7849,
TID6864,
TID5787,
TID6555,
TID4295,
TID4393,
TID1718,
TID9445,
TID1956,
TID4161,
TID6427,
TID6706,
TID5566,
TID6748,
TID8220,
TID8373,
TID7348,
TID4595,
TID7352,
TID9528,
TID1708,
TID1791,
TID9383,
TID8455,
TID4047,
TID6679,
TID3575,
TID8966,
TID0827,
TID4976,
TID9136,
TID2803,
TID5575,
TID9492,
TID9025,
TID1193,
TID0744,
TID0129,
TID3481,
TID8268,
TID7798,
TID7418,
TID1778,
TID6473,
TID7398,
TID9755,
TID9631,
TID3209,
TID1244,
TID6136,
TID8032,
TID5288,
TID8455,
TID7147,
TID1883,
TID1875,
TID1261,
TID2581,
TID4860,
TID7503,
TID1472,
TID8834,
TID6153,
TID8351,
TID4525,
TID2961,
TID3076,
TID8530,
TID6889,
TID2229,
TID0562,
TID4364,
TID5572,
TID1633,
TID6697,
TID7847,
TID7011,
TID5613,
TID0493,
TID7858,
TID6145,
TID6074,
TID3320,
TID0808,
TID5725,
TID6240,
TID6887,
TID4980,
TID8898,
TID4537,
TID5515,
TID6382,
TID2444,
TID7614,
TID2377,
TID6515,
TID7678,
TID4773,
TID9376,
TID5325,
TID0713,
TID9428,
TID0056,
TID9325,
TID4312,
TID8924,
TID6379,
TID6599,
TID4727,
TID4978,
TID0209,
TID1562,
TID3743,
TID9236,
TID4010,
TID4141,
TID4593,
TID4588,
TID6667,
TID4425,
TID6877,
TID4501,
TID2069,
TID5130,
TID4176,
TID8787,
TID6971,
TID0843,
TID4065,
TID2079,
TID3605,
TID6106,
TID4665,
TID8966,
TID7573,
TID6561,
TID4429,
TID0282,
TID8586,
TID4772,
TID7046,
TID0994,
TID3875,
TID7269,
TID6398,
TID5768,
TID6589,
TID5235,
TID7974,
TID2693,
TID7762,
TID5079,
TID3157,
TID3544,
TID2019,
TID1757,
TID8889,
TID4890,
TID7224,
TID2306,
TID3821,
TID6402,
TID2542,
TID6246,
TID1680,
TID3656,
TID1836,
TID1076,
TID9174,
TID0880,
TID2710,
TID8635,
TID6697,
TID8485,
TID9678,
TID9689,
TID8503,
TID5549,
TID3492,
TID4326,
TID3382,
TID1627,
TID1128,
TID4150,
TID1474,
TID4706,
TID9073,
TID5412,
TID1163,
TID6272,
TID0218,
TID6380,
TID7763,
TID3080,
TID9535,
TID3887,
TID8378,
TID8053,
TID1052,
TID2703,
TID1939,
TID0759,
TID2387,
TID8478,
TID2901,
TID6226,
TID3259,
TID7525,
TID6704,
TID9974,
TID0174,
TID8927,
TID6339,
TID7482,
TID1491,
TID9036,
TID5073,
TID4986,
TID3575,
TID2482,
TID5616,
TID5067,
TID2875,
TID2726,
TID2565,
TID8933,
TID4238,
TID8268,
TID4524,
TID3321,
TID8765,
TID5082,
TID4501,
TID2223,
TID7355,
TID0702,
TID4992,
TID9929,
TID7054,
TID4251,
TID4532,
TID2399,
TID1239,
TID0163,
TID8027,
TID1992,
TID9101,
TID1279,
TID0837,
TID5824,
TID8940,
TID6739,
TID9329,
TID6051,
TID8411,
TID2698,
TID0089,
TID4541,
TID2482,
TID2553,
TID2381,
TID6672,
TID1681,
TID9449,
TID7686,
TID9631,
TID7463,
TID4612,
TID3924,
TID3994,
TID4793,
TID6125,
TID8767,
TID6862,
TID6137,
TID4602,
TID1515,
TID7600,
TID6361,
TID1975,
TID6542,
TID5004,
TID9245,
TID1311,
TID6295,
TID0698,
TID2078,
TID2484,
TID2020,
TID0654,
TID5545,
TID0025,
TID8092,
TID9832,
TID6488,
TID1309,
TID0912,
TID7908,
TID8460,
TID3522,
TID9926,
TID5067,
TID4475,
TID1737,
TID8414,
TID2175,
TID0921,
TID6360,
TID1650,
TID0277,
TID1965,
TID9539,
TID5089,
TID7054,
TID1692,
TID9080,
TID0846,
TID5986,
TID4562,
TID3503,
TID0754,
TID5901,
TID1217,
TID5052,
TID5162,
TID8000,
TID6994,
TID6761,
TID9798,
TID3946,
TID5853,
TID8509,
TID0618,
TID5052,
TID6418,
TID2855,
TID7041,
TID6112,
TID0696,
TID9396,
TID9268,
TID9817,
TID8229,
TID4383,
TID2278,
TID0943,
TID7884,
TID7539,
TID6273,
TID6667,
TID0841,
TID9224,
TID7555,
TID8022,
TID5576,
TID8815,
TID8064,
TID3292,
TID9524,
TID6516,
TID3570,
TID2754,
TID8319,
TID0332,
TID7336,
TID7603,
TID8157,
TID7112,
TID4550,
TID9287,
TID6227,
TID1297,
TID0296,
TID1768,
TID1397,
TID6358,
TID0552,
TID7711,
TID4971,
TID8162,
TID2383,
TID7611,
TID9352,
TID7335,
TID6613,
TID8243,
TID4784,
TID4776,
TID6667,
TID8746,
TID1120,
TID9634,
TID9702,
TID2874,
TID0577,
TID5135,
TID6455,
TID8057,
TID7277,
TID3589,
TID3956,
TID9165,
TID0586,
TID1311,
TID4569,
TID8610,
TID2319,
TID2463,
TID0688,
TID2199,
TID7864,
TID6436,
TID9394,
TID3797,
TID7594,
TID6790,
TID9299,
TID6205,
TID2138,
TID6853,
TID0939,
TID7573,
TID7442,
TID0422,
TID4050,
TID5495,
TID1815,
TID4046,
TID9873,
TID8733,
TID7669,
TID2531,
TID6126,
TID0645,
TID5467,
TID0233,
TID3352,
TID2598,
TID4911,
TID3992,
TID8356,
TID4123,
TID4450,
TID0388,
TID0836,
TID5019,
TID1596,
TID5674,
TID9552,
TID7356,
TID2191,
TID8285,
TID9675,
TID9541,
TID4580,
TID5675,
TID9693,
TID3403,
TID0525,
TID5538,
TID9740,
TID9466,
TID4268,
TID6164,
TID5454,
TID6448,
TID4215,
TID0486,
TID8265,
TID5065,
TID9990,
TID9824,
TID6604,
TID9477,
TID7632,
TID2536,
TID8271,
TID7949,
TID1647,
TID3470,
TID4733,
TID8095,
TID7697,
TID6085,
TID9850,
TID8069,
TID0212,
TID9779,
TID1679,
TID2613,
TID4900,
TID1025,
TID4265,
TID4674,
TID3321,
TID0036,
TID1102,
TID9197,
TID7036,
TID0415,
TID8215,
TID9867,
TID3488,
TID1130,
TID5284,
TID2360,
TID1024,
TID3047,
TID4498,
TID8104,
TID4783,
TID8576,
TID7342,
TID1518,
TID0964,
TID5712,
TID1347,
TID4365,
TID0411,
TID3855,
TID4206,
TID3021,
TID9599,
TID8899,
TID9605,
TID8116,
TID8941,
TID5945,
TID9761,
TID8986,
TID0263,
TID6583,
TID4914,
TID0201,
TID9045,
TID6681,
TID2577,
TID6246,
TID8375,
TID3461,
TID7707,
TID3677,
TID8730,
TID5473,
TID2362,
TID3549,
TID0968,
TID8291,
TID4823,
TID7152,
TID6951,
TID1499,
TID2946,
TID5046,
TID7143,
TID8601,
TID5990,
TID1539,
TID5069,
TID4913,
TID7321,
TID8734,
TID2578,
TID5359,
TID6747,
TID2781,
TID6200,
TID1487,
TID6192,
TID9200,
TID2674,
TID6353,
TID3390,
TID6748,
TID1885,
TID9417,
TID3582,
TID9698,
TID5880,
TID8813,
TID2271,
TID5461,
TID9471,
TID7967,
TID4811,
TID2885,
TID4053,
TID8867,
TID6223,
TID4538,
TID0066,
TID6841,
TID2014,
TID6496,
TID5311,
TID7003,
TID8050,
TID5920,
TID7880,
TID3791,
TID9466,
TID3121,
TID4858,
TID9623,
TID9334,
TID8261,
TID5452,
TID3047,
TID0007,
TID1059,
TID3870,
TID2232,
TID7147,
TID1614,
TID8377,
TID8715,
TID1960,
TID8977,
TID5405,
TID1784,
TID8895,
TID9530,
TID6856,
TID2445,
TID2112,
TID2323,
TID7431,
TID8047,
TID6830,
TID4631,
TID9078,
TID3882,
TID1666,
TID0621,
TID4973,
TID0002,
TID1790,
TID1880,
TID0194,
TID9017,
TID2790,
TID1850,
TID4264,
TID4997,
TID3320,
TID1602,
TID6382,
TID6120,
TID8220,
TID8894,
TID0693,
TID4184,
TID1451,
TID1878,
TID3218,
TID8389,
TID1684,
TID7507,
TID6530,
TID4249,
TID8667,
TID7751,
TID8325,
TID7247,
TID6964,
TID1285,
TID0270,
TID7196,
TID0305,
TID7888,
TID9869,
TID6076,
TID2304,
TID8124,
TID9428,
TID2840,
TID8121,
TID7716,
TID8409,
TID2161,
TID7728,
TID2665,
TID4107,
TID0849,
TID9184,
TID9380,
TID4955,
TID7876,
TID1769,
TID5484,
TID6686,
TID0956,
TID7553,
TID1112,
TID5110,
TID8014,
TID0887,
TID6314,
TID0909,
TID2246,
TID4779,
TID9687,
TID2967,
TID7887,
TID0218,
TID2657,
TID9538,
TID6103,
TID9975,
TID0401,
TID5186,
TID6011,
TID3399,
TID8817,
TID5618,
TID3309,
TID1853,
TID3372,
TID5544,
TID2561,
TID8232,
TID1490,
TID8044,
TID5952,
TID2295,
TID9177,
TID6583,
TID6841,
TID0340,
TID9934,
TID6225,
TID2872,
TID6679,
TID4446,
TID4179,
TID7713,
TID1376,
TID6633,
TID0206,
TID0118,
TID8828,
TID3875,
TID8237,
TID7362,
TID8356,
TID8479,
TID2726,
TID8216,
TID5436,
TID3639,
TID3291,
TID7068,
TID3971,
TID5143,
TID6975,
TID2374,
TID8765,
TID7955,
TID9676,
TID2354,
TID3945,
TID3852,
TID9038,
TID7301,
TID4175,
TID5041,
TID8208,
TID8564,
TID5931,
TID9064,
TID5542,
TID2529,
TID1043,
TID7614,
TID7139,
TID1738,
TID1718,
TID0249,
TID1033,
TID4963,
TID6095,
TID7939,
TID5277,
TID4810,
TID2077,
TID5257,
TID7310,
TID4033,
TID6222,
TID9993,
TID2069,
TID8509,
TID5636,
TID0386,
TID8622,
TID5062,
TID0384,
TID8719,
TID0496,
TID2403,
TID2873,
TID8212,
TID4536,
TID1675,
TID0512,
TID0076,
TID9758,
TID3695,
TID3485,
TID6727,
TID8426,
TID8149,
TID7649,
TID4627,
TID6809,
TID5678,
TID7370,
TID6425,
TID5608,
TID7332,
TID0441,
TID4918,
TID8738,
TID9591,
TID4369,
TID6326,
TID7835,
TID7628,
TID2255,
TID4194,
TID6576,
TID3764,
TID3728,
TID9902,
TID9610,
TID7027,
TID4230,
TID8179,
TID8882,
TID6669,
TID0478,
TID0033,
TID6149,
TID9626,
TID8111,
TID6077,
TID4926,
TID6736,
TID0495,
TID3225,
TID5589,
TID9987,
TID4955,
TID8174,
TID9620,
TID2025,
TID8300,
TID3250,
TID1859,
TID8751,
TID0054,
TID9746,
TID2795,
TID4558,
TID9344,
TID2294,
TID0552,
TID1415,
TID9444,
TID5871,
TID3344,
TID7284,
TID7163,
TID5001,
TID3388,
TID4776,
TID2875,
TID5070,
TID0741,
TID2534,
TID6889,
TID1553,
TID4287,
TID1554,
TID6627,
TID5841,
TID4057,
TID9814,
TID0338,
TID3969,
TID7672,
TID8249,
TID2403,
TID8842,
TID5834,
TID5360,
TID2887,
TID4804,
TID4668,
TID9962,
TID3890,
TID4529,
TID6275,
TID4854,
TID7267,
TID1674,
TID7747,
TID9121,
TID3724,
TID4208,
TID5592,
TID9494,
TID9139,
TID6605,
TID1354,
TID8059,
TID3958,
TID1546,
TID7496,
TID9088,
TID5392,
TID6984,
TID3863,
TID1123,
TID7428,
TID9775,
TID7621,
TID4206,
TID4614,
TID9568,
TID2887,
TID5152,
TID0330,
TID6159,
TID1600,
TID7705,
TID7655,
TID4159,
TID6487,
TID2847,
TID3200,
TID2813,
TID6507,
TID4193,
TID5129,
TID2341,
TID5921,
TID0436,
TID5595,
TID6754,
TID2340,
TID2142,
TID9131,
TID8859,
TID8942,
TID2667,
TID6591,
TID8846,
TID7731,
TID3342,
TID5692,
TID9064,
TID9441,
TID8052,
TID1247,
TID9173,
TID3892,
TID5022,
TID4436,
TID1163,
TID1029,
TID5594,
TID7099,
TID1771,
TID9029,
TID1704,
TID8693,
TID9898,
TID6371,
TID2240,
TID4679,
TID4103,
TID1134,
TID3210,
TID7203,
TID4408,
TID7696,
TID0369,
TID5302,
TID6937,
TID9020,
TID0612,
TID2672,
TID8257,
TID9043,
TID4732,
TID7389,
TID3121,
TID0768,
TID3418,
TID5822,
TID7823,
TID5724,
TID2606,
TID2130,
TID4633,
TID0877,
TID8388,
TID8016,
TID3004,
TID7172,
TID4472,
TID5097,
TID5691,
TID4630,
TID1669,
TID4547,
TID3001,
TID4927,
TID5306,
TID0682,
TID3038,
TID4598,
TID2003,
TID4627,
TID8751,
TID1153,
TID2920,
TID9217,
TID4816,
TID5953,
TID8611,
TID6950,
TID2370,
TID6234,
TID5485,
TID0669,
TID3112,
TID2128,
TID5456,
TID4565,
TID9085,
TID9044,
TID5415,
TID9416,
TID6557,
TID0250,
TID8135,
TID9191,
TID4063,
TID3016,
TID0455,
TID1523,
TID7929,
TID3792,
TID5043,
TID0481,
TID1542,
TID3118,
TID1362,
TID9074,
TID7874,
TID5921,
TID1494,
TID0681,
TID1194,
TID0860,
TID0241,
TID2833,
TID9076,
TID6917,
TID8812,
TID9929,
TID1620,
TID6060,
TID3480,
TID1987,
TID0681,
TID8997,
TID5117,
TID9436,
TID2352,
TID8994,
TID3082,
TID9252,
TID2308,
TID5293,
TID0864,
TID2213,
TID8404,
TID5885,
TID6200,
TID1267,
TID5199,
TID7036,
TID4959,
TID4071,
TID3056,
TID3759,
TID0745,
TID7214,
TID2345,
TID8752,
TID6674,
TID5047,
TID7608,
TID9222,
TID4963,
TID6637,
TID0539,
TID3001,
TID7061,
TID4931,
TID5560,
TID8348,
TID5274,
TID0437,
TID6837,
TID6167,
TID0990,
TID2749,
TID9296,
TID3631,
TID2497,
TID5532,
TID2777,
TID7304,
TID6485,
TID5752,
TID9679,
TID3023,
TID6378,
TID0124,
TID4664,
TID5125,
TID4785,
TID5256,
TID3851,
TID1172,
TID1598,
TID4788,
TID7566,
TID7024,
TID9357,
TID4761,
TID1210,
TID3175,
TID1120,
TID6838,
TID5153,
TID6361,
TID0132,
TID4856,
TID3662,
TID4151,
TID8902,
TID0134,
TID9454,
TID9933,
TID0243,
TID2253,
TID8289,
TID9829,
TID5554,
TID5837,
TID7086,
TID1250,
TID3693,
TID1927,
TID0107,
TID5091,
TID0178,
TID5518,
TID0222,
TID5776,
TID7022,
TID6858,
TID3510,
TID1999,
TID5410,
TID8125,
TID6811,
TID7329,
TID8452,
TID1702,
TID1170,
TID0789,
TID0675,
TID8793,
TID0756,
TID6470,
TID8031,
TID9387,
TID7359,
TID3917,
TID1333,
TID7351,
TID2912,
TID0211,
TID3187,
TID8311,
TID4402,
TID9580,
TID9972,
TID9209,
TID5906,
TID5896,
TID7852,
TID0558,
TID1047,
TID1177,
TID3006,
TID5808,
TID8337,
TID3327,
TID8469,
TID2612,
TID1158,
TID9070,
TID9435,
TID5463,
TID2352,
TID5416,
TID7633,
TID1741,
TID1201,
TID3969,
TID4488,
TID8817,
TID4182,
TID2258,
TID3746,
TID1507,
TID1626,
TID6231,
TID0735,
TID1442,
TID1982,
TID0094,
TID2733,
TID7416,
TID4567,
TID6792,
TID7034,
TID0284,
TID1988,
TID1529,
TID3784,
TID7072,
TID5762,
TID8511,
TID9438,
TID2944,
TID3779,
TID0189,
TID3447,
TID2526,
TID8137,
TID2919,
TID1700,
TID7130,
TID9539,
TID4174,
TID9887,
TID1286,
TID6818,
TID1416,
TID1777,
TID3011,
TID3090,
TID6460,
TID7315,
TID4063,
TID5512,
TID5768,
TID5149,
TID3907,
TID1249,
TID7478,
TID4796,
TID5594,
TID8078,
TID1737,
TID2491,
TID4541,
TID1966,
TID9202,
TID6491,
TID8469,
TID2780,
TID6305,
TID9272,
TID7590,
TID3641,
TID8206,
TID6671,
TID9780,
TID3195,
TID0476,
TID5768,
TID9151,
TID8551,
TID4366,
TID4107,
TID9284,
TID6554,
TID3296,
TID9436,
TID0886,
TID6187,
TID1191,
TID4856,
TID3204,
TID3030,
TID5110,
TID4267,
TID0676,
TID4166,
TID3742,
TID6520,
TID9617,
TID7032,
TID6714,
TID0728,
TID7008,
TID5333,
TID3731,
TID9438,
TID6263,
TID7741,
TID0551,
TID5400,
TID9065,
TID9857,
TID0105,
TID7551,
TID8573,
TID5180,
TID9524,
TID2832,
TID0116,
TID1071,
TID3422,
TID2879,
TID3023,
TID9924,
TID0277,
TID0962,
TID3934,
TID5584,
TID5610,
TID7522,
TID1300,
TID9701,
TID2734,
TID6973,
TID8991,
TID5239,
TID5354,
TID5048,
TID6416,
TID4580,
TID7781,
TID1349,
TID7322,
TID3071,
TID1948,
TID5241,
TID3701,
TID7373,
TID4400,
TID4039,
TID5388,
TID6713,
TID5295,
TID4334,
TID8367,
TID0028,
TID0934,
TID1912,
TID2622,
TID3417,
TID5150,
TID4042,
TID2429,
TID5409,
TID7887,
TID7395,
TID1617,
TID6193,
TID4464,
TID5146,
TID5675,
TID6771,
TID7493,
TID9379,
TID2996,
TID2681,
TID0310,
TID3865,
TID4250,
TID5716,
TID8972,
TID8566,
TID7725,
TID7318,
TID3537,
TID8425,
TID4374,
TID2925,
TID5096,
TID0573,
TID5438,
TID4087,
TID7284,
TID2642,
TID8163,
TID7048,
TID7487,
TID2179,
TID6216,
TID0714,
TID6869,
TID8729,
TID7291,
TID1636,
TID7873,
TID1220,
TID1916,
TID3512,
TID9397,
TID5695,
TID9326,
TID8703,
TID0752,
TID9766,
TID2000,
TID3664,
TID2824,
TID5870,
TID2852,
TID6436,
TID0523,
TID6232,
TID3628,
TID9465,
TID8989,
TID9791,
TID0775,
TID8293,
TID0300,
TID3747,
TID4737,
TID2136,
TID0683,
TID4652,
TID1865,
TID2442,
TID1656,
TID7403,
TID5117,
TID9688,
TID3136,
TID4479,
TID1312,
TID0147,
TID6754,
TID3207,
TID7155,
TID7735,
TID4528,
TID5519,
TID3659,
TID3504,
TID7871,
TID8670,
TID1699,
TID5161,
TID8340,
TID9763,
TID8885,
TID7537,
TID4086,
TID0174,
TID9665,
TID2826,
TID0255,
TID5576,
TID5522,
TID8157,
TID9890,
TID9735,
TID8578,
TID3072,
TID7360,
TID5502,
TID8679,
TID9635,
TID2181,
TID3521,
TID8790,
TID3983,
TID8996,
TID1156,
TID1419,
TID0579,
TID7056,
TID5355,
TID9471,
TID7095,
TID9102,
TID8357,
TID2005,
TID8944,
TID1718,
TID4196,
TID7609,
TID8663,
TID7632,
TID2277,
TID2588,
TID3258,
TID0882,
TID8927,
TID1493,
TID1147,
TID6200,
TID2265,
TID0036,
TID8398,
TID7797,
TID1823,
TID7952,
TID0269,
TID0262,
TID6824,
TID9316,
TID6953,
TID4629,
TID6807,
TID2415,
TID9585,
TID4097,
TID0964,
TID0872,
TID7317,
TID1098,
TID4080,
TID5464,
TID8796,
TID1778,
TID1077,
TID4498,
TID7272,
TID2854,
TID8592,
TID0199,
TID0655,
TID8601,
TID3322,
TID3325,
TID7471,
TID1084,
TID6234,
TID6905,
TID2029,
TID1402,
TID3441,
TID8998,
TID5329,
TID9734,
TID6521,
TID9175,
TID7835,
TID5145,
TID8971,
TID1232,
TID0314,
TID8144,
TID8570,
TID4210,
TID5958,
TID2535,
TID9740,
TID5218,
TID2951,
TID7500,
TID2377,
TID6706,
TID4198,
TID5153,
TID2917,
TID1370,
TID8612,
TID0584,
TID2298,
TID6380,
TID2835,
TID7098,
TID2327,
TID2960,
TID6170,
TID2911,
TID1603,
TID5475,
TID8817,
TID0442,
TID6509,
TID6749,
TID0508,
TID1956,
TID1004,
TID6839,
TID4138,
TID3821,
TID7624,
TID8425,
TID5657,
TID1633,
TID9785,
TID3911,
TID1704,
TID9354,
TID3122,
TID0161,
TID0164,
TID0829,
TID0420,
TID6849,
TID7528,
TID0002,
TID8481,
TID0615,
TID1918,
TID5167,
TID5481,
TID3388,
TID8261,
TID9946,
TID0757,
TID3633,
TID9315,
TID1943,
TID4436,
TID6804,
TID3248,
TID0219,
TID6697,
TID5100,
TID4409,
TID4173,
TID1092,
TID7558,
TID2130,
TID5944,
TID9731,
TID0959,
TID5569,
TID9074,
TID0964,
TID0228,
TID2083,
TID1166,
TID3890,
TID2335,
TID5049,
TID1459,
TID1917,
TID4703,
TID8101,
TID7432,
TID1737,
TID7205,
TID5361,
TID5213,
TID8595,
TID0910,
TID9245,
TID3322,
TID9112,
TID9682,
TID1730,
TID4842,
TID7818,
TID0938,
TID4238,
TID3638,
TID1608,
TID1773,
TID5761,
TID7024,
TID4854,
TID4480,
TID9041,
TID5135,
TID8905,
TID9816,
TID7159,
TID9462,
TID6361,
TID9909,
TID3826,
TID7516,
TID1830,
TID4042,
TID6520,
TID9040,
TID8067,
TID2796,
TID4015,
TID3791,
TID6976,
TID5142,
TID2903,
TID5736,
TID1276,
TID8072,
TID5511,
TID8448,
TID5169,
TID7427,
TID9206,
TID4614,
TID4307,
TID7068,
TID2629,
TID1126,
TID7547,
TID7118,
TID2180,
TID1236,
TID8107,
TID9301,
TID8466,
TID9386,
TID1337,
TID2701,
TID6995,
TID1319,
TID3682,
TID3323,
TID6137,
TID0159,
TID2039,
TID9904,
TID5074,
TID4814,
TID3244,
TID1939,
TID0732,
TID0113,
TID6071,
TID2650,
TID3554,
TID9100,
TID1667,
TID2044,
TID0630,
TID2251,
TID1610,
TID4621,
TID7297,
TID8304,
TID2098,
TID2801,
TID3447,
TID3095,
TID1795,
TID5147,
TID3702,
TID5577,
TID7685,
TID8461,
TID0807,
TID4087,
TID6423,
TID7867,
TID2005,
TID4612,
TID1226,
TID5597,
TID1544,
TID7367,
TID0547,
TID6161,
TID0641,
TID5974,
TID2236,
TID7399,
TID0620,
TID7415,
TID3772,
TID0618,
TID1730,
TID0768,
TID5674,
TID4842,
TID8134,
TID2064,
TID2901,
TID7413,
TID6354,
TID5405,
TID6074,
TID8179,
TID9742,
TID2013,
TID9453,
TID2519,
TID3328,
TID0729,
TID6181,
TID1559,
TID7261,
TID2350,
TID4673,
TID7087,
TID8547,
TID8341,
TID7916,
TID9455,
TID1689,
TID1521,
TID7994,
TID8946,
TID0910,
TID8008,
TID3378,
TID6992,
TID2573,
TID5841,
TID0485,
TID1665,
TID4919,
TID3991,
TID1850,
TID0495,
TID1160,
TID6556,
TID6385,
TID7891,
TID1366,
TID5157,
TID2321,
TID8980,
TID1889,
TID6299,
TID6985,
TID7741,
TID4452,
TID1484,
TID9233,
TID7238,
TID6726,
TID9280,
TID8090,
TID5685,
TID4039,
TID4564,
TID8703,
TID3082,
TID6998,
TID5087,
TID0196,
TID7658,
TID7438,
TID8947,
TID0865,
TID8334,
TID0755,
TID8786,
TID3899,
TID0457,
TID0364,
TID5167,
TID6209,
TID3943,
TID4837,
TID7910,
TID0736,
TID8558,
TID2768,
TID0845,
TID3459,
TID0025,
TID5762,
TID5828,
TID7729,
TID3582,
TID1353,
TID7345,
TID7144,
TID7786,
TID5501,
TID1742,
TID1200,
TID8865,
TID3804,
TID4075,
TID6111,
TID5904,
TID6136,
TID8126,
TID1141,
TID6153,
TID3577,
TID0377,
TID7392,
TID2083,
TID9617,
TID9517,
TID0763,
TID2080,
TID4539,
TID1342,
TID3585,
TID8953,
TID8424,
TID4926,
TID3079,
TID1087,
TID3724,
TID5112,
TID2240,
TID7470,
TID7771,
TID4950,
TID5833,
TID0837,
TID5114,
TID4874,
TID3008,
TID3464,
TID1520,
TID5384,
TID6913,
TID6448,
TID4154,
TID4963,
TID9839,
TID2825,
TID2984,
TID4736,
TID1458,
TID0224,
TID6147,
TID5843,
TID5807,
TID6944,
TID8627,
TID2966,
TID3265,
TID3557,
TID9119,
TID6656,
TID2347,
TID1522,
TID0928,
TID9381,
TID8971,
TID9057,
TID8656,
TID7770,
TID6372,
TID7885,
TID4195,
TID2775,
TID3049,
TID4020,
TID5715,
TID8461,
TID7597,
TID2731,
TID5952,
TID4923,
TID5715,
TID0655,
TID9281,
TID7166,
TID3753,
TID6716,
TID5817,
TID6233,
TID6376,
TID2878,
TID4015,
TID5506,
TID4996,
TID1287,
TID6956,
TID3669,
TID2060,
TID8556,
TID6021,
TID8868,
TID6272,
TID6788,
TID3651,
TID0754,
TID1993,
TID8362,
TID4446,
TID5652,
TID2263,
TID6046,
TID7816,
TID2820,
TID3252,
TID5600,
TID9873,
TID8188,
TID9359,
TID5452,
TID0966,
TID9717,
TID5236,
TID1512,
TID7997,
TID5591,
TID8290,
TID8866,
TID9424,
TID9555,
TID6246,
TID6016,
TID3109,
TID0533,
TID0770,
TID4093,
TID8465,
TID8723,
TID3938,
TID4615,
TID5204,
TID0703,
TID8399,
TID2765,
TID7730,
TID4130,
TID0034,
TID4252,
TID8435,
TID0506,
TID6380,
TID5997,
TID8231,
TID0670,
TID1366,
TID6478,
TID9346,
TID6077,
TID7278,
TID0336,
TID4127,
TID6916,
TID1403,
TID3207,
TID7063,
TID7584,
TID9592,
TID3713,
TID1192,
TID4960,
TID8103,
TID2118,
TID0532,
TID8532,
TID1962,
TID4311,
TID9375,
TID4262,
TID4328,
TID8546,
TID2604,
TID7493,
TID3560,
TID6199,
TID4834,
TID8730,
TID3506,
TID9471,
TID5510,
TID5338,
TID4982,
TID3727,
TID6504,
TID5722,
TID1335,
TID9860,
TID9640,
TID2496,
TID4475,
TID1012,
TID1007,
TID8052,
TID1601,
TID4536,
TID4575,
TID5331,
TID7143,
TID4988,
TID0494,
TID2008,
TID9652,
TID4759,
TID1965,
TID9344,
TID1324,
TID7477,
TID0170,
TID7333,
TID4106,
TID6634,
TID0769,
TID3444,
TID9054,
TID8106,
TID6970,
TID4302,
TID3123,
TID5893,
TID8234,
TID0325,
TID8393,
TID0243,
TID7332,
TID7981,
TID9207,
TID7362,
TID7341,
TID2111,
TID6261,
TID1386,
TID7529,
TID3598,
TID6482,
TID8406,
TID1012,
TID9665,
TID1699,
TID5200,
TID5364,
TID2181,
TID6101,
TID5708,
TID4206,
TID7419,
TID7479,
TID3869,
TID3816,
TID7755,
TID2716,
TID1607,
TID6049,
TID4757,
TID8355,
TID4399,
TID2925,
TID2592,
TID1709,
TID7665,
TID7642,
TID3860,
TID9780,
TID0048,
TID6528,
TID3811,
TID5897,
TID6466,
TID9748,
TID7748,
TID0327,
TID5322,
TID5372,
TID1816,
TID8640,
TID4933,
TID3528,
TID2512,
TID9691,
TID1321,
TID5127,
TID9799,
TID7676,
TID5556,
TID4419,
TID8409,
TID0156,
TID7128,
TID1002,
TID2434,
TID1868,
TID1668,
TID6380,
TID3905,
TID5472,
TID2710,
TID0464,
TID3671,
TID9858,
TID2211,
TID7347,
TID4129,
TID9592,
TID5742,
TID4134,
TID2884,
TID2321,
TID4344,
TID6369,
TID3100,
TID2672,
TID7343,
TID7805,
TID8583,
TID9367,
TID6720,
TID9172,
TID7961,
TID2489,
TID9777,
TID3439,
TID6621,
TID2873,
TID0591,
TID8543,
TID5131,
TID6061,
TID9972,
TID0584,
TID7802,
TID3017,
TID4420,
TID7743,
TID3504,
TID1398,
TID9255,
TID0220,
TID1336,
TID1426,
TID2277,
TID4963,
TID0518,
TID2647,
TID6763,
TID6229,
TID0131,
TID4022,
TID7057,
TID7211,
TID2661,
TID4844,
TID2041,
TID7924,
TID4227,
TID2822,
TID5699,
TID8602,
TID5280,
TID9337,
TID2318,
TID7929,
TID4492,
TID8274,
TID5947,
TID1591,
TID4168,
TID1506,
TID5302,
TID7756,
TID6420,
TID1800,
TID8679,
TID8147,
TID3900,
TID0819,
TID0801,
TID0933,
TID1734,
TID2223,
TID8401,
TID0687,
TID3069,
TID2825,
TID4246,
TID4657,
TID7707,
TID4792,
TID5284,
TID9165,
TID8943,
TID7682,
TID9275,
TID8521,
TID0241,
TID9696,
TID6336,
TID7280,
TID7955,
TID8373,
TID6921,
TID3159,
TID9305,
TID6328,
TID8115,
TID7927,
TID0941,
TID3194,
TID1751,
TID7096,
TID3778,
TID7968,
TID5853,
TID4013,
TID0287,
TID2541,
TID1861,
TID0850,
TID9762,
TID4204,
TID4157,
TID3274,
TID0597,
TID2422,
TID3398,
TID9066,
TID4605,
TID1540,
TID6684,
TID8969,
TID9484,
TID7271,
TID1864,
TID6193,
TID7143,
TID4101,
TID4756,
TID6070,
TID9180,
TID0152,
TID2502,
TID2247,
TID5996,
TID1736,
TID1881,
TID5441,
TID7583,
TID6106,
TID5679,
TID4540,
TID4823,
TID9180,
TID7981,
TID8778,
TID6255,
TID7131,
TID3467,
TID2458,
TID2571,
TID6316,
TID9604,
TID5014,
TID4549,
TID7041,
TID1240,
TID3571,
TID2437,
TID1067,
TID5657,
TID0039,
TID8430,
TID5711,
TID7268,
TID7996,
TID4248,
TID6305,
TID5637,
TID9682,
TID1704,
TID1298,
TID1880,
TID5011,
TID2767,
TID1881,
TID2092,
TID1633,
TID1826,
TID6526,
TID8242,
TID3044,
TID4356,
TID0726,
TID2387,
TID8367,
TID4781,
TID2497,
TID1400,
TID5777,
TID3541,
TID0271,
TID7519,
TID4767,
TID8006,
TID6102,
TID3757,
TID5997,
TID0607,
TID0607,
TID7115,
TID3949,
TID9300,
TID7623,
TID3724,
TID7113,
TID2720,
TID9714,
TID6085,
TID2479,
TID3747,
TID0030,
TID0408,
TID9427,
TID3706,
TID4188,
TID9780,
TID4046,
TID5669,
TID5122,
TID8071,
TID4740,
TID1685,
TID7216,
TID2093,
TID2987,
TID8156,
TID2866,
TID3196,
TID4380,
TID8745,
TID8618,
TID8663,
TID4977,
TID9809,
TID0077,
TID5402,
TID4776,
TID1568,
TID8712,
TID4675,
TID4351,
TID3701,
TID3782,
TID3959,
TID1943,
TID1906,
TID8020,
TID0265,
TID0257,
TID6911,
TID9657,
TID7016,
TID0964,
TID4899,
TID9560,
TID1324,
TID9863,
TID8314,
TID5806,
TID3361,
TID2734,
TID8133,
TID3329,
TID8216,
TID3749,
TID5802,
TID6662,
TID3433,
TID3496,
TID7801,
TID7435,
TID6659,
TID5888,
TID8454,
TID8520,
TID2587,
TID1703,
TID7711,
TID4279,
TID0042,
TID5433,
TID0535,
TID1717,
TID6902,
TID7481,
TID6597,
TID7724,
TID8463,
TID3990,
TID7874,
TID9154,
TID6646,
TID2732,
TID3825,
TID7419,
TID7968,
TID5908,
TID1861,
TID8662,
TID7708,
TID2932,
TID1790,
TID5880,
TID6598,
TID3473,
TID6815,
TID9983,
TID0702,
TID3267,
TID1703,
TID9165,
TID3729,
TID0110,
TID6555,
TID7704,
TID2284,
TID6820,
TID3921,
TID2331,
TID2881,
TID8714,
TID5387,
TID8589,
TID4121,
TID6969,
TID6254,
TID5107,
TID2009,
TID3489,
TID4413,
TID9419,
TID5584,
TID8600,
TID6934,
TID6103,
TID7932,
TID9456,
TID1586,
TID5957,
TID5300,
TID4792,
TID1132,
TID3029,
TID2279,
TID3824,
TID0619,
TID2994,
TID7839,
TID0333,
TID3456,
TID0254,
TID2744,
TID1606,
TID5858,
TID8441,
TID1564,
TID0843,
TID7004,
TID6643,
TID7297,
TID1296,
TID8738,
TID1803,
TID4189,
TID7172,
TID5344,
TID5086,
TID1323,
TID8585,
TID7097,
TID3651,
TID1023,
TID5931,
TID4295,
TID9470,
TID4979,
TID4202,
TID2789,
TID4911,
TID6668,
TID9257,
TID1062,
TID3812,
TID1803,
TID1252,
TID2237,
TID5006,
TID4963,
TID9299,
TID1213,
TID5353,
TID9562,
TID4983,
TID7593,
TID1990,
TID3731,
TID0524,
TID1571,
TID3214,
TID4382,
TID4108,
TID1412,
TID4165,
TID1920,
TID0111,
TID5552,
TID5964,
TID9265,
TID6482,
TID7995,
TID2346,
TID6230,
TID1544,
TID0221,
TID1462,
TID7109,
TID4522,
TID3097,
TID4033,
TID7383,
TID5811,
TID4538,
TID9220,
TID3857,
TID6425,
TID0067,
TID5740,
TID6022,
TID0751,
TID8969,
TID8839,
TID9569,
TID5868,
TID4033,
TID5537,
TID5153,
TID0428,
TID8859,
TID2768,
TID4503,
TID1755,
TID1029,
TID8642,
TID9902,
TID8260,
TID5098,
TID1268,
TID4040,
TID6977,
TID8916,
TID0814,
TID1602,
TID7623,
TID6372,
TID0062,
TID4643,
TID8411,
TID6768,
TID2643,
TID6049,
TID9501,
TID3078,
TID5081,
TID2879,
TID7429,
TID6466,
TID4619,
TID5543,
TID4474,
TID7326,
TID0530,
TID6618,
TID5615,
TID9328,
TID2251,
TID5925,
TID7054,
TID7242,
TID5275,
TID4215,
TID6780,
TID8345,
TID2991,
TID9532,
TID7654,
TID1140,
TID3935,
TID0754,
TID8030,
TID9450,
TID1673,
TID2629,
TID6531,
TID2748,
TID7793,
TID5025,
TID6356,
TID9297,
TID5820,
TID5123,
TID3171,
TID6789,
TID2610,
TID1115,
TID7371,
TID6574,
TID0325,
TID1934,
TID5068,
TID2836,
TID1031,
TID9152,
TID2550,
TID4388,
TID8943,
TID1919,
TID1851,
TID3147,
TID7762,
TID3262,
TID6132,
TID7479,
TID8197,
TID7252,
TID6224,
TID2542,
TID6758,
TID8937,
TID8302,
TID0888,
TID0146,
TID0992,
TID4850,
TID9855,
TID6488,
TID8273,
TID2158,
TID2963,
TID3490,
TID8339,
TID2956,
TID9517,
TID4504,
TID8423,
TID2682,
TID1207,
TID4587,
TID3416,
TID8561,
TID5496,
TID9961,
TID0519,
TID5158,
TID4112,
TID8448,
TID0482,
TID1666,
TID8836,
TID9571,
TID7043,
TID3433,
TID2399,
TID0213,
TID0419,
TID5754,
TID5683,
TID8337,
TID7554,
TID9052,
TID6247,
TID7896,
TID8608,
TID2907,
TID2619,
TID7711,
TID3055,
TID3160,
TID0538,
TID2897,
TID2861,
TID3348,
TID8532,
TID1075,
TID8142,
TID5746,
TID3405,
TID5146,
TID2778,
TID0180,
TID3928,
TID7794,
TID9080,
TID2748,
TID3199,
TID6360,
TID0731,
TID4683,
TID7614,
TID2988,
TID5330,
TID3599,
TID4551,
TID6313,
TID9793,
TID9678,
TID8680,
TID3294,
TID8079,
TID5618,
TID6248,
TID4509,
TID6280,
TID1921,
TID6328,
TID6211,
TID5611,
TID8492,
TID5362,
TID2495,
TID8725,
TID6996,
TID8403,
TID9129,
TID8940,
TID1782,
TID0696,
TID2161,
TID5615,
TID6972,
TID0295,
TID6200,
TID2304,
TID4879,
TID1702,
TID5586,
TID9668,
TID7411,
TID1789,
TID4837,
TID8080,
TID7127,
TID2805,
TID2412,
TID2002,
TID9463,
TID6724,
TID3828,
TID0652,
TID4819,
TID3741,
TID6975,
TID4636,
TID0134,
TID7711,
TID9990,
TID7422,
TID2085,
TID9742,
TID8537,
TID9187,
TID7325,
TID5116,
TID7217,
TID0414,
TID6248,
TID7423,
TID2495,
TID0494,
TID7920,
TID3137,
TID5860,
TID5879,
TID9690,
TID1190,
TID2069,
TID7149,
TID9431,
TID4595,
TID0853,
TID5644,
TID1397,
TID1778,
TID6484,
TID7956,
TID1599,
TID4064,
TID3696,
TID7437,
TID7914,
TID0785,
TID6479,
TID6601,
TID5474,
TID3857,
TID4223,
TID5021,
TID2654,
TID3143,
TID7080,
TID0247,
TID7976,
TID9826,
TID9482,
TID2031,
TID4657,
TID6769,
TID2562,
TID0374,
TID1865,
TID2334,
TID1320,
TID1453,
TID9956,
TID4251,
TID9886,
TID8089,
TID1677,
TID3270,
TID9945,
TID8491,
TID0780,
TID0157,
TID9340,
TID5690,
TID3932,
TID7446,
TID4581,
TID2908,
TID4079,
TID4801,
TID5662,
TID1247,
TID9363,
TID8107,
TID1146,
TID5594,
TID5286,
TID0441,
TID9404,
TID1943,
TID6587,
TID6499,
TID7907,
TID3430,
TID6456,
TID0326,
TID5357,
TID5053,
TID9627,
TID1790,
TID0004,
TID5569,
TID4159,
TID2235,
TID5622,
TID1247,
TID6783,
TID3227,
TID0626,
TID9502,
TID2369,
TID0724,
TID7156,
TID9583,
TID7934,
TID9377,
TID6269,
TID0271,
TID3947,
TID2568,
TID2452,
TID4201,
TID4443,
TID1456,
TID4833,
TID3838,
TID0332,
TID3788,
TID4508,
TID5805,
TID6006,
TID7718,
TID9043,
TID4503,
TID3568,
TID0926,
TID3970,
TID2410,
TID7282,
TID1266,
TID5047,
TID5085,
TID1564,
TID4344,
TID2844,
TID8720,
TID9563,
TID5180,
TID4858,
TID3609,
TID2480,
TID5987,
TID6416,
TID4442,
TID6435,
TID0650,
TID7809,
TID8134,
TID0393,
TID3786,
TID1592,
TID7047,
TID8040,
TID9365,
TID7560,
TID9291,
TID1667,
TID5741,
TID1294,
TID3867,
TID0582,
TID0459,
TID6003,
TID0628,
TID7781,
TID2100,
TID9140,
TID3858,
TID3852,
TID4858,
TID7897,
TID5226,
TID7204,
TID4486,
TID9175,
TID8943,
TID4937,
TID9905,
TID8303,
TID0443,
TID3280,
TID3010,
TID3504,
TID4386,
TID1481,
TID1412,
TID3979,
TID7884,
TID8147,
TID8990,
TID9343,
TID3882,
TID0713,
TID0324,
TID0398,
TID8653,
TID4962,
TID5543,
TID8282,
TID4373,
TID6205,
TID2769,
TID2639,
TID4583,
TID8005,
TID0510,
TID2439,
TID1451,
TID9824,
TID9246,
TID7963,
TID7684,
TID5367,
TID5359,
TID2235,
TID5914,
TID9786,
TID8055,
TID6545,
TID5690,
TID0974,
TID5089,
TID2019,
TID2732,
TID8858,
TID0219,
TID0675,
TID6855,
TID8163,
TID6462,
TID6482,
TID8275,
TID4552,
TID8017,
TID4761,
TID8530,
TID4992,
TID8215,
TID0037,
TID8486,
TID8611,
TID6335,
TID5324,
TID3363,
TID7620,
TID6395,
TID3991,
TID6651,
TID1708,
TID8555,
TID6014,
TID6448,
TID6999,
TID0636,
TID8112,
TID5505,
TID2115,
TID7766,
TID0482,
TID8315,
TID2705,
TID4383,
TID5908,
TID8999,
TID3103,
TID3849,
TID2232,
TID1599,
TID9522,
TID7208,
TID7293,
TID8247,
TID6046,
TID7088,
TID2317,
TID8537,
TID9986,
TID0181,
TID6162,
TID2124,
TID1259,
TID1243,
TID8949,
TID7989,
TID5506,
TID6320,
TID4177,
TID7591,
TID8035,
TID8743,
TID1802,
TID2521,
TID4066,
TID5545,
TID7444,
TID0888,
TID4557,
TID7093,
TID8134,
TID7743,
TID6129,
TID0281,
TID4905,
TID5543,
TID7303,
TID7271,
TID9287,
TID2378,
TID6318,
TID1630,
TID3002,
TID8051,
TID1464,
TID6126,
TID1141,
TID0189,
TID2498,
TID5476,
TID5314,
TID4141,
TID0556,
TID8387,
TID2022,
TID2898,
TID1369,
TID6131,
TID5684,
TID9776,
TID7357,
TID6991,
TID9129,
TID8505,
TID1885,
TID0312,
TID7146,
TID6430,
TID9990,
TID9621,
TID0040,
TID1400,
TID8038,
TID7840,
TID7545,
TID3666,
TID0333,
TID4237,
TID5218,
TID8943,
TID1235,
TID2671,
TID5511,
TID6660,
TID4838,
TID8459,
TID2631,
TID6681,
TID6618,
TID3166,
TID1993,
TID5431,
TID8267,
TID9994,
TID0936,
TID6117,
TID9732,
TID1871,
TID2322,
TID7324,
TID3909,
TID7561,
TID4811,
TID9641,
TID7210,
TID0108,
TID8082,
TID2157,
TID7837,
TID6072,
TID6843,
TID1280,
TID2992,
TID6143,
TID7908,
TID8191,
TID4719,
TID8055,
TID2620,
TID2076,
TID5791,
TID1931,
TID9402,
TID9262,
TID6500,
TID0311,
TID9529,
TID5457,
TID1386,
TID4804,
TID7632,
TID8377,
TID6831,
TID7759,
TID8477,
TID3682,
TID8339,
TID3032,
TID8579,
TID1704,
TID4227,
TID2010,
TID8188,
TID0848,
TID6531,
TID0942,
TID9936,
TID3353,
TID6725,
TID3960,
TID1783,
TID1511,
TID5042,
TID0924,
TID6786,
TID2892,
TID9940,
TID9696,
TID1203,
TID4707,
TID5739,
TID7426,
TID4843,
TID8688,
TID1932,
TID6595,
TID3118,
TID4630,
TID2192,
TID0738,
TID3084,
TID4700,
TID6228,
TID4712,
TID6521,
TID5292,
TID5362,
TID3826,
TID7460,
TID1411,
TID3219,
TID2989,
TID4847,
TID4675,
TID8585,
TID9180,
TID0458,
TID7848,
TID2812,
TID7844,
TID1147,
TID3153,
TID9632,
TID7097,
TID7231,
TID9913,
TID6656,
TID3927,
TID5314,
TID0756,
TID8330,
TID2047,
TID7433,
TID6236,
TID3844,
TID1231,
TID2533,
TID8612,
TID0130,
TID3435,
TID4197,
TID0230,
TID3358,
TID1425,
TID3585,
TID4650,
TID2280,
TID5046,
TID0008,
TID3966,
TID4642,
TID3820,
TID6450,
TID5563,
TID5194,
TID2132,
TID8568,
TID8849,
TID4394,
TID2090,
TID9674,
TID4636,
TID8750,
TID6859,
TID0077,
TID4225,
TID2229,
TID2809,
TID3078,
TID5322,
TID1594,
TID5572,
TID0216,
TID1286,
TID1658,
TID6385,
TID3135,
TID8791,
TID2769,
TID8844,
TID8575,
TID1550,
TID2027,
TID5225,
TID5286,
TID5742,
TID4180,
TID1523,
TID7242,
TID5338,
TID1602,
TID2683,
TID0066,
TID3016,
TID0336,
TID4825,
TID5957,
TID2109,
TID2063,
TID7510,
TID9644,
TID3305,
TID7152,
TID2009,
TID3631,
TID1282,
TID9872,
TID6278,
TID7723,
TID3674,
TID6870,
TID2680,
TID1675,
TID3722,
TID6553,
TID0297,
TID4931,
TID9062,
TID7794,
TID5076,
TID2063,
TID6578,
TID1534,
TID4818,
TID4621,
TID0413,
TID3553,
TID2713,
TID9247,
TID3020,
TID1430,
TID7547,
TID9241,
TID5383,
TID2277,
TID4437,
TID6513,
TID7912,
TID1832,
TID7855,
TID8798,
TID3070,
TID5033,
TID4184,
TID0656,
TID7468,
TID3955,
TID4262,
TID1010,
TID5871,
TID1127,
TID7223,
TID0889,
TID1544,
TID8200,
TID7906,
TID1788,
TID6864,
TID9367,
TID5089,
TID0804,
TID5192,
TID8374,
TID2974,
TID1813,
TID6132,
TID8829,
TID1419,
TID4150,
TID2802,
TID8175,
TID8321,
TID4230,
TID7600,
TID4176,
TID7802,
TID1136,
TID4540,
TID9261,
TID7188,
TID1452,
TID0450,
TID9693,
TID3502,
TID5838,
TID8678,
TID9475,
TID5349,
TID9945,
TID1564,
TID7337,
TID3970,
TID3992,
TID5874,
TID4630,
TID0181,
TID3545,
TID0949,
TID0456,
TID0872,
TID2762,
TID8513,
TID4898,
TID7786,
TID0259,
TID3503,
TID2605,
TID6932,
TID4385,
TID2780,
TID9768,
TID2604,
TID7594,
TID0264,
TID9123,
TID3061,
TID1595,
TID9904,
TID3510,
TID3217,
TID5665,
TID9256,
TID8008,
TID0448,
TID3910,
TID5334,
TID2748,
TID9125,
TID0655,
TID6721,
TID2670,
TID4291,
TID8351,
TID9761,
TID5509,
TID7596,
TID8478,
TID2371,
TID6326,
TID8907,
TID4520,
TID9448,
TID5134,
TID5524,
TID4706,
TID2777,
TID3931,
TID0604,
TID8135,
TID5732,
TID3910,
TID8315,
TID0057,
TID5425,
TID5106,
TID9157,
TID2374,
TID4680,
TID2126,
TID5047,
TID7282,
TID5309,
TID1603,
TID6876,
TID9273,
TID5915,
TID5832,
TID0322,
TID7826,
TID6814,
TID4344,
TID9005,
TID1716,
TID2573,
TID6715,
TID4637,
TID8684,
TID7314,
TID3433,
TID1819,
TID7692,
TID0971,
TID3582,
TID8976,
TID7428,
TID9220,
TID6221,
TID2998,
TID3445,
TID2024,
TID5683,
TID4677,
TID2295,
TID7297,
TID2294,
TID4409,
TID1130,
TID0248,
TID4491,
TID2326,
TID3260,
TID9723,
TID3707,
TID0634,
TID6891,
TID6700,
TID4670,
TID7454,
TID9227,
TID6937,
TID5327,
TID1721,
TID7220,
TID2495,
TID3920,
TID7866,
TID8477,
TID0463,
TID8311,
TID3804,
TID6728,
TID4943,
TID7220,
TID0290,
TID7543,
TID6703,
TID9045,
TID8516,
TID7309,
TID0737,
TID2953,
TID2634,
TID4864,
TID0172,
TID7713,
TID8965,
TID3433,
TID2495,
TID7642,
TID2486,
TID7295,
TID5400,
TID6661,
TID5588,
TID0978,
TID9524,
TID8309,
TID6043,
TID0968,
TID7367,
TID2083,
TID5911,
TID6767,
TID7847,
TID8068,
TID1351,
TID0212,
TID4926,
TID0658,
TID3311,
TID6578,
TID7102,
TID3038,
TID7550,
TID1896,
TID0853,
TID6497,
TID8141,
TID0600,
TID7855,
TID2183,
TID9555,
TID4138,
TID7264,
TID6754,
TID8058,
TID1955,
TID9681,
TID0903,
TID5674,
TID2817,
TID4816,
TID1184,
TID5847,
TID5166,
TID1904,
TID6694,
TID2875,
TID1753,
TID3308,
TID2940,
TID1542,
TID9513,
TID1583,
TID8921,
TID7088,
TID6096,
TID5663,
TID5277,
TID1536,
TID6846,
TID3685,
TID1801,
TID1560,
TID8234,
TID1169,
TID4337,
TID6920,
TID9616,
TID9095,
TID2132,
TID7861,
TID2318,
TID4673,
TID6198,
TID1008,
TID0787,
TID3415,
TID6205,
TID5689,
TID5456,
TID3283,
TID5622,
TID7758,
TID1893,
TID8046,
TID2454,
TID2269,
TID4779,
TID4779,