drinkerName,customerID,State of Residence
Mabelle Santiago,Q83014,HI
Nathaniel Cobb,J14226,FL
Jeffery Chambers,V63891,CO
Louis Johnston,W08834,UT
Eugene Patrick,A59865,HI
Essie Carter,Y64445,WY
Mattie Adams,N42518,ND
Thomas Vega,X45725,UT
Brett Murphy,I71444,RI
Floyd Caldwell,E03190,AR
Annie Cohen,J71009,NE
Louise Ramsey,U52113,NH
Cameron Ballard,O67480,DC
Derek Jenkins,J41899,CO
Eugenia Bowman,U87044,MS
Effie Nelson,T90108,NV
Cordelia Wheeler,S16217,GA
Mamie Berry,F47115,NY
Isaiah Warren,Y61954,MT
Louise Perkins,W51293,MO
Devin Becker,X63550,AR
John Hernandez,A09157,MT
Sally Lloyd,V13001,HI
Sallie Jennings,G35452,AR
Francis Wells,R87625,FL
Mae Parker,L98809,MO
Steve Hawkins,M65791,NY
Alfred Summers,Q59910,ND
Polly Barton,O24131,NH
Winifred Vasquez,E88244,MO
Joel Hall,X23323,DC
Francis Buchanan,E67949,PA
Jon Christensen,P64792,TN
Mae Wagner,G44112,IL
Lydia Reese,H45104,NE
Lester Bass,Z39704,UT
Carlos Saunders,A00188,HI
Esther Peterson,F60732,NH
Winifred Morrison,N99601,HI
Leroy Phillips,U24768,NY
Micheal Chandler,Q90535,UT
Nathan Newton,W67694,ND
Todd Nunez,Z46827,MA
Noah Willis,J07395,NE
Craig Cross,O56852,IL
Caleb Freeman,A43633,UT
Jim Hall,A12422,UT
Sophia Burgess,D72562,PA
Stella Powers,D09096,DC
Josephine Owen,Q29436,FL
Bruce Williams,O23277,UT
Jeff Gibbs,E76840,ME
Ora Mills,F26857,NH
Angel Hansen,T79430,ND
Rachel Romero,Q66457,UT
Lucinda Stone,N74202,AL
Stella Jackson,P66883,NY
Jerome James,O31473,WY
Mina Morgan,Z55378,ND
Todd Craig,H07507,RI
Elijah Brown,P41987,MA
Hettie Erickson,V84511,HI
Devin Silva,S74628,VA
Loretta Hines,B41610,MS
Mason Frank,A19012,CO
Barbara Griffith,T51891,AK
Eugene Torres,F54958,ME
Warren Wheeler,R92002,DC
Grace Bradley,R25232,GA
Kate Harris,F88303,AK
Wesley Gibson,S63808,NY
Dora Graham,H87655,ME
Elva Hawkins,X43078,AL
Carrie Valdez,N35086,MO
Nancy Jones,A19912,HI
Elsie Kelly,E66616,WV
Sadie Clayton,Q89893,UT
Ethel Peterson,H61426,ND
Lucile Ortiz,G87257,ME
Tom Wilson,M81246,AR
Emily Nunez,X00648,GA
Tyler Moody,F85068,MD
Bill Watson,N04287,WY
Frederick Goodman,W63575,UT
Roxie Weaver,Q43691,CO
Tony Banks,O72991,MA
Jesse Alvarez,R58673,AL
Duane Moody,G46355,IL
Estelle Potter,Z47822,NY
Amy Porter,I21282,WV
Christopher Norman,J74189,MN
Wesley Lynch,N46242,DC
Flora Schneider,Y74618,RI
Ola Richardson,J26788,MA
Craig Hardy,Q52558,MO
Raymond Stanley,K96149,CT
Juan Fernandez,E04153,MO
Lida Boyd,Y86887,MN
Loretta Higgins,O35594,MO
Helena Robinson,V80473,AZ
Anthony Cole,K77399,WV
Lola Guzman,J16610,VA
Don Riley,M42813,MS
Joseph Allen,H58311,AL
Elnora Stephens,S54003,ME
Kevin Barker,S15517,MS
Donald Maldonado,O31545,IL
Addie Ingram,E46042,NY
Jose Taylor,A78348,ND
Eric Edwards,Y18279,MT
Larry Marsh,Q60249,ND
Lillie Cooper,P03320,NV
Rhoda Schneider,D07109,MI
Sara Greene,J82508,MT
Maurice Pratt,V79112,WV
Polly Vasquez,U02134,DC
Sam Webster,B27127,HI
Larry Summers,L82519,PA
Josie Tate,S43417,ND
Gene Williamson,G91964,KS
Ophelia Farmer,T16527,TN
Mike Roberson,U24984,TN
Catherine Chapman,P32691,AL
Jared Pratt,K66353,NE
Antonio Romero,T05241,GA
Addie Hayes,C76725,NE
Matthew Jennings,K32902,AK
Matilda Garcia,H79443,ND
Edwin Figueroa,O51053,NV
Trevor Doyle,Q34918,AL
Winnie Jordan,X75103,CT
Francis Anderson,B17908,NV
Jerome Becker,P08992,MD
Tommy Singleton,L43858,ME
Esther Morton,O80293,NY
Matthew Ramirez,L92672,WV
Lou Martinez,Q88639,DC
Elnora Alexander,T17928,CO
Frances Grant,W30258,NH
Nannie Hayes,M52889,VA
Lura Flowers,Y07757,CT
Calvin Burgess,H64603,KS
Winifred Sparks,J91498,AK
Cameron Dunn,I28784,MO
Christina Ellis,M33206,KS
Lillie Lloyd,P24107,MS
Bryan Shelton,Y27225,ME
Alfred Casey,Q55243,AL
Nancy Turner,U23368,AL
Dollie Webb,J57364,CT
Bill Anderson,S48103,NY
Rosalie Sims,D88729,NE
Hattie Hines,T81876,AR
Darrell Guerrero,W41028,PA
Justin Norman,N01091,AK
Ronald Lawrence,O47559,ME
Duane Payne,I57564,AK
Harold Goodwin,T10751,NE
Samuel Bell,C22981,NY
Milton Robertson,N72192,PA
Mary Wong,Z16410,HI
Irene Estrada,N38941,FL
Hallie Conner,J04903,GA
Chester Castillo,W00858,UT
Edgar McKenzie,P99195,WY
Franklin Gregory,C51907,MT
Elmer Mack,J21799,ME
Bryan Gilbert,S49406,MO
Lillian Moss,G53447,NH
Lula Bryan,I98105,AR
Connor Stone,P84731,CT
Isaac Garcia,N75530,CT
Catherine Clark,L21727,CT
Ollie Reid,E85991,AK
Marvin Saunders,M28676,AR
Earl Carpenter,L64479,HI
Nathaniel Marsh,P24804,NH
Eliza Coleman,O12437,MT
Josephine Carlson,A51662,ME
Darrell Hammond,G27494,HI
Estelle Cain,H94447,FL
Loretta Roberson,K87542,CT
Mildred Dennis,X20979,WY
Angel Hughes,B78936,AR
Sam Baker,K64617,NY
Francis Snyder,P70334,CO
Catherine Tucker,V41739,NH
Lulu Evans,M87295,MA
Isabella Wise,G60233,CT
Stanley Pope,E83656,AZ
Billy Stevenson,E53651,AL
Julia Tate,R35592,NE
Hilda Jordan,R94886,UT
Nora Maldonado,W49123,ND
Elizabeth Salazar,F95898,MD
Ola Brock,L71898,VA
Connor Boone,K30390,GA
Hulda McGuire,T73314,AR
Elijah Swanson,K78842,NH
Augusta Little,N25847,AL
Maude Stewart,T69519,HI
Eunice Lee,R74866,KS
Anthony Pope,K44683,CO
Adam Thomas,V24147,WV
Marie Kelly,B15461,AK
Eddie Myers,T92186,NV
Hettie Massey,F39683,AZ
George Hernandez,D13633,AZ
Caroline Gibson,C15267,MO
Ronnie Matthews,P52706,AL
Victor Wright,M18454,CO
Ann Harvey,X01219,KS
Tony Barnes,O43778,AR
Evelyn Green,V58016,CO
Flora Schneider,Q45664,CT
Lola Ruiz,O56041,MA
Claudia Wagner,Q75161,MS
Victor Sanders,Y93671,MT
Ray Alexander,F93801,DC
Mario Ray,L41060,NV
Josie Sandoval,K01876,DC
Effie Bailey,T64223,WY
Dale Cobb,G63347,MS
Chad Norton,Y82856,NV
Jennie Daniels,R28824,ME
Ryan Baldwin,Z05354,RI
William Dawson,N00386,MT
Alberta Dean,U37257,FL
Joshua Yates,T03983,GA
Shane McCarthy,M95796,ME
Lucinda McBride,Y52477,SD
Celia Bell,L89316,IL
Lucinda Hogan,R74645,MA
Mathilda Campbell,Z51100,NH
Jay Gross,Y83727,GA
Jay Wheeler,W51110,NV
Francis Love,N33106,NV
Antonio Evans,X76770,NY
Lela Hamilton,W46002,CO
Larry Tran,N56923,AL
Louisa Griffin,M87544,AR
Leona Maxwell,E93035,AL
Raymond Walton,I01461,AL
Max Blair,Y24406,CO
Don Matthews,B43133,AK
Michael Figueroa,L54290,NY
Henry Hall,I56543,AR
Bertha Hall,A03927,NE
Iva Moreno,Y83903,ME
Leila Alexander,E81900,KS
Elijah Hamilton,T55355,ME
Inez Wheeler,H14118,MI
Lily Hayes,G63285,AK
Jean Garza,U94976,AK
Allie Welch,Z27629,WY
Don Scott,U75573,IL
Alan Reed,M98546,NV
Delia Garner,T03672,ME
Francis Jordan,L41053,HI
Jayden Pearson,O79221,MN
Oscar Owen,J58094,ME
Francis Flores,B01399,GA
Vera Dunn,T82781,AL
Joseph Hale,A92111,NE
Ina Guerrero,C83222,VA
Myrtie Wallace,Z20874,MS
Jason Watkins,D05465,NH
Ethel Mason,M03151,UT
Esther Carr,Z57490,VA
Teresa Gill,X77409,HI
Lena Carroll,B45376,MA
Belle Parsons,D22213,AR
Ray Vaughn,S36677,AK
Jesse Cooper,C26036,VA
Rosetta Brewer,E46183,ME
Marvin Fleming,R66076,ND
Nell Carr,L13260,WV
Willie Cruz,L37037,MO
Jack Medina,S32114,AK
Katie Chandler,U42885,MT
Georgia Osborne,C13382,TN
Belle Manning,T78690,ME
Mina Sharp,L93295,MO
Lawrence Frank,N96113,SD
Kenneth Jensen,X08747,WV
Ernest Hardy,P39790,GA
Cameron Fox,T95700,UT
Randy French,C40749,CO
Ollie Cole,Y58202,VA
Jackson Wallace,E18124,HI
Belle Schultz,N94210,HI
Mark Reeves,G93490,ME
Chester McCormick,D97504,MI
Lou Goodwin,F12265,ND
Roger Carroll,J38352,TN
Minnie Ramsey,M35543,SD
Ronnie Russell,O35926,HI
Seth Brady,N32348,ME
Lola Wilson,W11092,CO
Wayne Castillo,O46516,UT
Mayme Silva,B23942,NY
Paul West,X04134,MI
Mildred Gray,D34327,IL
Mike Beck,O32066,HI
Bertie Conner,S08352,NE
David Johnson,Y29885,AZ
James Copeland,I43255,WV
Milton Phelps,V86014,KS
Norman Hicks,O94798,SD
Nathan Ramos,Z41678,ND
Etta Moreno,U23401,UT
Julian Casey,R27608,MN
Alejandro Kelly,H16212,TN
Brian Cox,O64417,CO
Ruby Greene,I54125,ND
Raymond Cruz,N09230,UT
Lee Park,D98982,NE
Calvin Lambert,E72642,UT
Alan Jackson,K26287,KS
Ruby Hart,H40479,MI
Charlotte French,Q85125,HI
Cody Harrington,E77351,GA
Phoebe Wright,Z65995,IL
Violet Bryant,M27509,MT
Carolyn Schmidt,T74266,UT
Owen Perkins,O89351,AZ
Marcus Wilkerson,A57696,GA
Evan Lowe,D72214,AR
Ricky Floyd,I30072,MI
Annie Kelly,G31564,AZ
Bess Boone,V25815,WV
Janie Clayton,J34008,MO
Eleanor McKinney,B44666,AR
Mabel Owens,J09875,NH
Larry Stanley,X29780,NH
Clayton Rice,M50934,MS
Cameron Watkins,P55173,NH
Mark Rodriguez,Z99583,UT
Nettie Gibson,G50683,PA
Ernest Robertson,A57166,UT
Mike Gordon,K18629,MI
Loretta Lewis,U69482,KS
Caroline Campbell,E20245,MD
Eleanor Stephens,O36572,WV
Rosa Sparks,J29980,HI
Dale Fitzgerald,X07166,ND
Ivan Rios,F18862,WV
Luke Moss,I72151,MO
Roxie Black,Q63579,AK
Estella Mathis,F86135,NY
Ada Buchanan,S73445,WV
Charlie Cross,L66235,MO
Ann Vasquez,Z17700,IL
Emily Park,N98057,NY
Birdie Griffith,V64113,UT
Katherine Wilkerson,M94202,MO
Eric Barnett,D12719,ME
Lettie Wise,K63830,ME
Ruby Byrd,I56462,HI
Ethel Taylor,B90616,TN
Sara Mills,V42785,IL
Jim Graves,R96208,VA
Jose Mason,K86134,MT
Danny Cross,F35767,MN
Lilly Schneider,H79982,WV
Jesus Soto,M66755,AZ
May Wood,B90093,GA
Sam Richards,M51437,VA
Ola Reese,M59806,WY
Clifford Hoffman,D22848,SD
Lucas Doyle,T40216,NE
Teresa Newman,I05864,NY
Adeline Cook,B33044,UT
Ethel Little,F61056,UT
Lucile Barrett,I16265,AR
Seth Burgess,K71768,AR
Emily Harper,D30548,MT
Georgie Roberts,I56693,UT
Evelyn Freeman,Q91111,AR
Lucille Stevenson,N86239,PA
Adele Byrd,C26703,NY
Nathan Benson,F60209,AR
Ruby Sullivan,T47662,AR
Travis Austin,T01468,GA
Isabella Patton,B24838,UT
Gregory McDaniel,R59191,NE
Chase Reeves,F02198,NE
Frank Pope,C56697,MN
Isaac Olson,F28754,NE
Dennis Davis,L89604,HI
Charlotte Newton,Z52807,MI
Earl Hale,L56369,AL
Adelaide Payne,K46267,ME
Billy Wilkerson,N32237,HI
Tyler Stephens,D26249,AK
Glenn Ramos,D09989,WV
Logan Delgado,J53997,MI
Darrell Caldwell,U05315,WV
Jack King,Q00442,MA
Seth Barrett,A80279,UT
Harriet Cannon,J07678,CO
Marion Chandler,E91074,ME
Vincent Patterson,V26532,DC
Christina Garner,S90802,NE
Victor Vargas,K96230,VA
Mathilda Waters,H72948,ME
Sallie Leonard,G78920,SD
Vincent Fisher,P85727,CT
Evan Nash,E84717,MI
Andre Gibson,U57124,GA
Matilda Mason,L65371,WV
Eleanor Alvarado,H81640,UT
Mattie Hansen,B88525,MD
Evelyn Banks,E24282,NE
Darrell Graham,P58968,MT
Donald Christensen,F27000,ME
Eugene McCoy,N93288,AL
Lewis Hanson,D22872,NV
Samuel Moody,U42588,UT
Myrtie Zimmerman,E37804,ME
Steven Harrison,M66439,GA
Bettie Figueroa,A43946,FL
Vernon Hughes,Q03119,IL
Josephine Carr,V64008,ND
Maggie Williams,Y75657,DC
Adelaide Christensen,A62347,DC
Sallie Gardner,N43924,MD
Adele Boyd,G94536,ME
Pearl Little,I76920,AK
Frank Vaughn,S08344,MN
Alice Jimenez,G79729,AZ
Bradley Lawson,F31975,TN
Callie Rhodes,P42429,MS
Cody Rice,L08073,HI
Ronald Francis,D52667,AR
Cynthia Hamilton,O26367,AR
Ray Ruiz,L73363,NE
Amelia Hogan,N93126,AK
Betty Sherman,R73446,MO
Dylan Osborne,E46750,GA
Sara Singleton,Z69906,MO
Bradley Robinson,O54735,ME
Evan Harrington,M37841,AK
Chris Ramirez,P39888,GA
Florence Doyle,V72192,MO
Bradley Luna,V69810,RI
Etta Gomez,J63013,ME
Mark Robbins,W05607,ND
Bertha McLaughlin,G38517,IL
Philip Sutton,E89084,MA
Tyler Nguyen,S56923,UT
Roxie May,Z84897,NE
Lena Gibbs,B68893,AR
Marie Stewart,T13895,MO
Alvin Osborne,D51845,AR
John Matthews,V99441,AK
Jessie Shaw,E67262,SD
Arthur Nunez,T08859,DC
Edith Ball,U11664,AL
Barbara Perry,S03435,GA
Mable Austin,W28775,ND
Lettie Ramsey,Q34125,WY
Keith White,Q57104,CO
Edna Rhodes,H60565,AK
Trevor Fields,F15538,HI
Cecilia Campbell,I85672,WV
Katie Cobb,L44485,MA
Eunice Copeland,N67222,GA
Jerome Taylor,Y12988,NY
David Cook,L31362,DC
Cornelia Schwartz,X82398,MN
Tom Harris,F93694,ME
Mason Thomas,Y00798,FL
Ronnie Ingram,F49087,CO
Henry Payne,V09779,MS
Steven Hardy,Z52533,HI
Harry Snyder,Y89728,ME
Louisa Logan,N10732,DC
Leila Chapman,W53992,AK
Randy Fernandez,U25554,WV
Georgie Carpenter,P88399,NH
Marc Franklin,R89972,MO
May Neal,Z63774,ME
Adam Patterson,R02615,MS
Blanche Diaz,S31309,ME
Myra Stokes,A67953,AK
Caroline Rose,P47655,MT
Don Banks,U98663,NE
Jesse Padilla,R28592,AR
Lenora Peterson,L15535,MT
Lora Figueroa,Q44488,RI
Leroy Abbott,K41753,CO
Frederick Barnett,E91014,AR
Jerome Allen,W48341,UT
Marcus Cain,R72661,MI
Daisy Daniels,W07167,MI
Sallie Bowman,X01318,AR
Lulu Lloyd,U69871,GA
Franklin Reyes,J68447,UT
Sean Woods,F43933,WV
Maude Gonzales,Q02978,AL
Luke Flowers,F52120,RI
Elnora Shaw,M74972,PA
Lida Schneider,D93415,AK
Antonio Stewart,V83033,AK
Margaret Butler,L18707,AR
Mark Padilla,V10072,UT
Essie Chandler,O81092,UT
Inez Shaw,S13992,KS
Lucinda Ingram,D35456,MD
Adelaide Strickland,H72277,MO
Emilie Gray,K35269,PA
Lucile Gregory,Q65720,FL
Annie Frank,J89587,AK
Teresa Farmer,J67547,MS
Christian McDaniel,S66806,NH
Harry French,D73529,AL
Alice Banks,S41826,MO
Caroline Gonzalez,N76870,MN
Sally Simmons,S64675,MT
Gene Rowe,P81341,NE
Christian Casey,E10434,UT
Iva Cobb,R41859,MO
Jennie Figueroa,J43704,DC
Arthur Torres,N88605,UT
Nell Paul,Y77730,AK
Nancy Padilla,F14375,SD
Francis Wilkerson,T13711,PA
Ronald Torres,O56108,MN
Linnie Andrews,L03745,ND
Glen Vasquez,W85421,DC
Ryan Maxwell,B46108,NY
Justin Reed,E25746,KS
Ian Summers,G41366,WV
George Stanley,X65474,NY
Douglas Estrada,Q31025,NY
Birdie Brown,Y99298,NE
Sallie Newton,A73174,ME
Kevin Hammond,E05159,CO
Ellen Gutierrez,Y23383,NY
Leila Bennett,L14503,AZ
Carlos Rogers,J43001,DC
Ruby White,E85433,AL
Josephine Lyons,F73896,NY
Landon Underwood,E11496,ME
Beatrice Weaver,W59054,RI
Justin Collier,A10773,ME
Essie Sutton,P65371,MT
Rodney Baker,C18563,GA
Johnny Castillo,E49348,AZ
Cody Spencer,R44947,NY
Lydia Martinez,X51639,SD
Fred Hudson,I26185,AK
Etta Beck,P92736,AK
Jean Bowen,K03492,NV
Austin Day,J57224,ND
Leonard Parker,K60793,ND
Mabelle Newman,L14039,HI
Josie Hayes,F53375,HI
Jason Barnett,H90798,AR
Barry Klein,S42797,NV
Kate Bryan,U37820,KS
Mollie Love,H98543,SD
Glenn Stone,P25801,AR
Sadie Doyle,B63729,AL
Winnie Patterson,H49309,HI
Josie Jenkins,C02020,AR
Hettie Walters,V61556,CT
Walter Arnold,X48748,NH
Harvey Little,F71148,UT
Elnora Carroll,F35404,HI
Josie Newman,D78497,DC
Nina Page,Y47721,AL
Charlotte Blake,K33909,NE
Christine Reyes,U86718,NY
Celia Johnston,T13510,DC
Jessie Joseph,P06510,SD
Ivan Allen,A85063,UT
Jim Price,E15654,AL
Pauline Reynolds,N03043,MT
Travis Gomez,E36918,ME
Verna Todd,D07514,MO
Jackson Lewis,G16381,AZ
Lina Nash,Z01970,NH
Theresa Wagner,D93905,KS
Lois Simon,R57935,MN
Martha Castillo,L23661,MN
Sam Ward,U59129,GA
Olive Chavez,U92940,NY
Lilly Collins,T46654,IL
Derek Greene,K26535,NE
Leona Welch,B87561,MO
Francis Jones,E39274,DC
Edna Garner,X83806,CO
Joe Phillips,C64292,MT
Susan Banks,H13273,ND
Julia Oliver,C33197,CO
Lizzie Manning,E58015,NV
Bradley Jones,G33796,NE
Seth Johnson,J65849,WV
Lela Webb,E69246,NY
Charlotte Singleton,M44761,DC
James Bell,G88124,NH
Barbara Tran,P56372,AK
Jane Burns,H83270,AZ
Rebecca Tate,T46513,AZ
Bess Mendez,N04295,ME
Ernest Page,E52614,NE
Harold Watkins,R31189,AK
John Mendez,S76231,MS
Blanche McCarthy,V56281,WV
Milton Leonard,P30542,AZ
Loretta Miles,I28426,DC
Walter Stone,V22359,UT
Minerva Drake,W52232,NH
Craig Flowers,C32182,PA
Betty Meyer,J53521,MS
Belle Davis,L23141,MT
Caleb Jacobs,R11256,MI
George Dennis,F03673,AZ
Ricardo Foster,I35017,AR
Leonard Harper,Z46214,ND
Harry Morris,Y79623,VA
Elva Duncan,B24318,MD
Matilda Goodman,K01378,IL
Lula Barnes,G61487,NV
Bernard Neal,R64773,NH
Barbara Moran,H33374,MT
Julian Owens,Y64703,NV
Leona Sanders,J53608,UT
Sean Dean,R78303,IL
Clarence Simon,T39052,NE
Flora Green,I19119,WV
Jerry Rhodes,Z27955,NY
Carrie Sparks,W50781,WV
Harriett Hopkins,D74083,NH
Melvin Welch,D78887,MA
Ethel Valdez,E18540,KS
Phoebe Vega,O78326,SD
Flora Owen,K02221,SD
Ricky Shelton,Y39058,SD
Rebecca Harrison,W44704,NE
Louisa Swanson,F53657,WY
Ada Ross,X90747,AZ
Raymond Mullins,B90487,MN
Sophie Adams,B39058,DC
Max Sharp,W22814,HI
Steven Harrison,S34752,AK
Linnie Gibbs,T27551,WV
Erik Grant,X18610,CT
Olivia Cruz,L86418,MN
Kyle Cohen,J36618,VA
Isaiah Houston,H80068,VA
Frank Bush,Z79789,HI
Anne Craig,D23825,ND
Phillip Ingram,Z98181,NY
Sophie Singleton,V54836,AK
Lora Perez,J87150,NH
Jose Lewis,R02491,AL
Bessie Ward,U10787,UT
Birdie Rose,S85961,MD
Daniel Griffin,Q01626,NE
Lewis George,C99112,UT
Nora Miles,I43660,FL
Eva Schmidt,Q50378,MS
Lena Lambert,G94423,ME
Clifford McCormick,V86060,KS
Laura Cummings,S77523,NH
Norman Vega,I11830,NY
Joe Rios,E16815,WV
Shane Murray,A42325,MO
Connor McCormick,Z92494,NY
Jerry Diaz,Q19176,UT
Darrell Matthews,T25967,NE
Wayne Foster,L27244,MA
Ida Porter,Z39462,MD
Bess Vargas,E04438,KS
Lucinda Logan,A09837,UT
Josephine Wilson,F70215,NH
Victoria Newton,Q09505,ME
Clara McKenzie,O59099,HI
Myrtie Aguilar,I45691,DC
Carolyn Buchanan,Q34218,WV
Lettie Lindsey,Y43714,MD
Oscar McLaughlin,C16470,DC
Rose Franklin,Q92150,AR
Owen Jackson,I70690,ME
Peter Ford,O93287,AL
Nathan Herrera,H59233,ND
Teresa Thornton,D20742,ND
Ida Hansen,M99207,AR
Luella Barnes,K35943,WV
Kathryn Jordan,C38562,AZ
Steven Fletcher,W42337,ME
Patrick Henry,D28433,ME
Lucas Hawkins,X96213,IL
Charlie Wilson,Q63999,ND
Belle Greer,Y54591,AL
Daisy Brady,U30527,AZ
Gussie Burgess,U30682,UT
Leila Barrett,A15098,MN
Theodore Welch,G08450,MT
Nellie Dixon,X55403,HI
Angel McGee,A55383,NH
Nathaniel Thomas,T98146,RI
Edna Taylor,G61716,ME
Phoebe Silva,Z84274,FL
Daisy Young,Q78268,AR
Leona Washington,U99802,VA
Loretta Boone,Z32464,MO
Charlotte Farmer,M93755,HI
Lou Greene,E60760,AK
Sam Lawrence,Z43305,UT
Ora Hoffman,H08257,WV
Shane Meyer,G57784,CO
Eva Hunter,Q32764,WY
Tillie McKenzie,T66732,IL
Luis Burgess,W57239,NY
Callie Martinez,K14445,UT
Lola Carpenter,G30834,ME
Donald Peterson,X20258,ND
Eunice Murphy,Y24633,MD
Hilda Williamson,W79454,WV
Beatrice Palmer,E34411,AZ
Ivan Hardy,T37211,WV
Micheal Mack,W80145,MT
Alta Mitchell,G23251,UT
Flora Cohen,J78797,UT
Jeffrey Sanders,K79449,KS
Marion Goodwin,P92752,WV
Alexander Roberts,E04603,UT
Chester Harmon,T64689,MO
Fred Curtis,B46816,AK
Bruce Matthews,W43153,AZ
Dylan White,G79224,RI
Nelle Roy,P48358,NE
Maria Rice,H00472,AZ
David Patterson,Y91647,WV
Jayden Glover,J60687,NY
Bernard Carter,Y47833,ND
Vernon Castillo,C84008,MT
Leo Hudson,H54307,WV
Lottie Richards,P54572,MO
Roxie Knight,M33603,CO
Howard Floyd,M15868,AL
Clara Butler,L44794,UT
Grace Rice,Q76257,ME
Craig Gill,C87344,ME
Corey Bennett,E24414,NE
Samuel Leonard,U67120,MO
Mamie Higgins,B67631,NY
Marian Rowe,D53163,AL
Sophie Powers,M58767,NY
Allie Paul,E72473,GA
Noah Hunter,B72376,ND
Edna Wade,Q02033,AR
Antonio Davidson,P95361,AK
Bernard Wilkins,O17743,ME
Myrtle Oliver,O46821,MO
Micheal Davis,P13642,FL
Billy Park,I96066,PA
Jerome Farmer,G68279,AR
Eddie Vasquez,Y06012,CO
Irene Frank,D64488,WV
Addie Castillo,I12726,WV
Christina Hunt,F39181,ND
Jeffery Patterson,C57844,ME
Olivia Morales,Q08950,KS
Georgia Hudson,M39789,HI
Nina Burke,T38582,MD
Mabel Lyons,T48876,UT
Maude Collins,P92275,MS
Harriet Austin,V52962,MD
Marian McKinney,M35521,NV
Rosalie Alexander,A52601,MO
Dale Copeland,I38163,MA
Dale McKenzie,P93523,TN
Dora Saunders,Y50973,NE
Jesse Marshall,V91901,MS
Russell Chandler,M30822,AK
Edwin Richardson,T66009,RI
Roxie Turner,J44551,ME
Russell Sandoval,C53385,AL
Mary Moran,P57907,CT
Tommy Erickson,P02977,NH
Lillian Hunt,A40751,DC
Eliza Rice,K34435,HI
Olive Schwartz,Q25682,MT
Daniel Young,P56066,IL
Alex Atkins,H36468,MA
Cora Wagner,M82354,MO
Cory Watkins,U98370,HI
Kenneth Parsons,E53199,MI
Daniel Warner,Q88179,CO
Bernard Miles,W42788,HI
Jason Kim,X62714,MO
Augusta Benson,Z72831,NY
Justin Cole,L01271,DC
Jean Andrews,K86296,ND
Barbara Hines,R99250,WV
Janie Ruiz,Q49797,RI
Wesley Atkins,W91359,WV
Marie Cannon,V44090,WY
Dollie Bell,C74574,WY
Iva Neal,O83344,AR
Rose Maldonado,B67186,NH
Erik Schwartz,G45951,FL
Josie Gonzalez,Q25111,CO
Travis Matthews,F84625,DC
Lettie Alexander,H80530,HI
Leonard Coleman,L06819,HI
Addie Perez,J87196,TN
Joel Griffith,B95732,MO
Justin Harrison,X35008,MT
Eunice Price,G86922,HI
Mollie Valdez,R72064,IL
Eunice Guzman,F70545,MT
Blake Thomas,B40501,MT
Ray Mason,P02378,MN
Leona Martin,K27708,DC
Gertrude Bass,J93505,ME
Effie Stevens,T61750,NH
Shane Hughes,S47302,FL
Celia Carpenter,R97950,CT
Nicholas Martinez,Y70193,NE
Jeffery Tran,V93822,AR
Jean Potter,O31389,MN
Clarence Robbins,B58331,AR
Alta Brewer,R15059,ME
Wesley Higgins,P26785,AK
Jason McBride,M15826,AL
Jack Shaw,T50750,AL
Hester Garza,O45108,AR
George Allison,Q36265,DC
Katie Burton,M07229,MO
Harriett Cross,H24849,ME
Mamie May,R74714,NH
Katie Lawson,T17281,MT
Louis Robinson,L67813,MN
Ian Page,U25739,TN
Ernest Pearson,U31242,TN
Clyde Carson,H00716,ME
Jack Harris,O43661,CO
Rodney Ryan,X55352,MD
Agnes Henderson,M29128,WV
Jon Tucker,V63443,AR
Lily Graves,I97614,FL
Jack Sanchez,H00114,AL
Jeffery Houston,P84575,CT
Julia Johnston,A46793,ND
Cynthia Jennings,D76964,ME
Marc Green,S12868,UT
Roxie Aguilar,Q52746,AK
Bertie Vargas,S92020,AR
Leon Cox,S51643,ND
Alice Terry,T21970,ME
Bertie Grant,S62428,MT
Ethan Sherman,W61459,MT
Harriet Jones,A36409,UT
Robert Baldwin,F03703,IL
Vera Stewart,I54641,NE
Lloyd Osborne,E00208,AR
Sean Russell,O86838,AK
Emilie Wells,A80454,NH
Florence Stevenson,C71654,AK
Lloyd Moreno,H53286,MA
Sally Walters,H12701,NH
Gary Ortiz,U64671,WV
Tom Curry,W79349,AZ
Christina Cox,N13010,ME
Curtis Harper,O50470,AK
Francisco Hogan,X63446,ME
Nicholas Hogan,K12230,MO
Mike Greene,Q99279,MI
Harry Phillips,P44922,ME
Sean McDonald,S24945,ND
Nathan Spencer,Z65599,ND
Willie Fuller,E50794,UT
Bertie Sandoval,X99325,DC
Marie Wolfe,N01220,NE
Jerry Patterson,A00929,CT
Marc Briggs,T87969,MT
Evelyn Peterson,B61671,WV
Leila Roy,X57484,ND
Oscar Cortez,E56231,MO
Rosetta Schmidt,L34313,MI
Alex Cannon,M96111,KS
Beulah Silva,D35216,IL
Samuel Wolfe,T36949,HI
Alice Delgado,G18155,UT
Myrtle Huff,C68447,ND
Mae Joseph,I72125,GA
Dollie Castillo,C98392,GA
Carl Fox,O39612,NE
Eugene Newton,T13836,CO
Rosa Dawson,Y93628,ME
Fannie Goodwin,F87085,MT
Ella Cummings,B00239,MO
Mark Wilkerson,C70893,NE
Luke Castro,J01244,RI
Allen Boone,D55973,PA
Sylvia Murphy,T64795,UT
Ophelia Roberson,U27627,NV
Susie Steele,F90916,DC
Johanna Huff,E18256,NY
Jacob Nichols,T15990,NV
Jonathan Harrington,N07383,ME
Evan Colon,M14072,DC
Austin Gross,W85610,DC
Ethel Mendez,D53313,SD
Kenneth Chapman,T67335,RI
Joel Simon,Q73411,AR
Earl Gomez,U10304,ME
Martin Greer,U01888,AK
Roxie Payne,T73637,CT
Joseph Young,G05794,MO
Derek Lynch,C84819,MT
Winnie Cross,K52040,NY
Tillie Hughes,G33563,GA
Nelle Clayton,B95489,MA
Jesse Scott,T22301,MA
Belle Hill,C62064,KS
Dora Wong,N58825,CT
Samuel Pittman,D68824,MS
Isabel Simpson,W33291,ME
Ernest Vega,T80052,MO
Virginia Holloway,B55289,NH
Catherine Love,P53409,MI
Lester Glover,F65512,ME
Kenneth Holmes,C71117,CT
Kenneth Flores,Y35051,PA
Mark Collier,A32287,MN
Francisco Ortega,E96416,VA
Winnie Ross,R49342,UT
Kenneth Fowler,R67498,AR
Jimmy Hart,Z60609,AZ
Gussie Bradley,T08718,AK
Marie Holt,V78089,UT
Eliza Cooper,G84295,SD
Bradley Roy,O96798,SD
Caleb Smith,X36414,KS
Carl Salazar,H91829,CT
Maggie Bates,E13667,MO
Myrtie Stone,I73674,NE
Bernice Medina,H32105,DC
Joe Lewis,E09987,NH
Lora McBride,R40178,HI
Lizzie Miles,N20205,WY
Justin Newton,X72910,NV
Lura Wade,G63779,UT
Myrtie Cummings,D27428,HI
Anthony Gardner,G93070,RI
Luella McGee,T53712,WV
Norman Patterson,W95357,AZ
Ivan Adams,N76772,DC
Danny Bryant,J92568,MO
Lena Gilbert,R54966,GA
Isabelle Gutierrez,O76149,FL
Caleb Norman,I17397,ND
Fanny Reyes,I99796,NE
Clara Soto,A38145,NH
Maurice Williamson,J79448,AK
Joshua Silva,W67059,DC
Kathryn Obrien,M03033,HI
Jesse Martin,Y46056,UT
Elnora Barnes,S88204,MO
Milton Kim,G45180,NH
Mildred Clarke,J07101,GA
Billy Estrada,C14659,MD
Lawrence Ortiz,B27019,VA
Leo Morgan,P21779,MO
Juan Gordon,A90423,MT
Essie Paul,V32217,UT
Dale Fletcher,J44027,WV
Alta Medina,M87786,MA
Lettie Mason,N86096,HI
Alberta Luna,C23240,AZ
Nina McKinney,T47265,HI
Billy Ramsey,X76449,MO
Lloyd Davis,L09030,WV
Belle Joseph,L83178,NH
Timothy Johnson,Q56667,MN
Troy Figueroa,C10696,VA
Alberta Torres,Z14508,AZ
Fred Simpson,U42883,CO
Vera Hayes,Y60728,MD
Beulah Boyd,X70193,CT
Eula Fields,F38004,DC
Jackson Benson,V42947,ME
Eugene Harvey,B23941,MT
Lucy Page,J87339,WV
Amelia Greer,U09240,AK
Viola Hart,R73893,KS
Pearl Reynolds,I75588,CO
Warren Mitchell,Z72355,MI
Esther Lynch,Y30275,WV
Mathilda Rodgers,H00020,HI
Chris Colon,V73439,KS
Marguerite Collier,Z16752,AL
Mittie Ferguson,P67489,NE
Lulu Maxwell,J25477,IL
Christine Poole,V67878,NY
Alice Hampton,Q53721,WV
Rodney Fitzgerald,G90758,KS
Theresa Soto,X17183,MT
Andrew Johnson,H47246,ND
Virginia Fisher,H31965,MD
Linnie Becker,I79185,ND
Bertha Osborne,C12441,UT
Jon Hopkins,K32523,AZ
Albert Bryant,V30191,MA
Stella Walters,U33283,DC
Warren Snyder,C50041,HI
Jorge Carroll,K13979,ME
Benjamin Blake,N01260,AL
Lee Reed,G39434,KS
Louise Lawrence,A55145,NY
Gerald Hall,R92280,HI
Ethel Manning,E93889,MI
Garrett McKinney,W60343,MT
Troy Turner,M93353,PA
Jayden Frazier,K61958,AZ
Howard Williams,L97841,AK
Howard Brown,A23749,MT
Dominic Payne,N26302,AK
Kenneth Munoz,Z06863,FL
Julian Ramsey,N07302,WV
Howard Armstrong,M88725,ND
Nora Welch,Q48014,MT
Olga Padilla,A08280,CO
Lucinda Hunt,M02535,DC
Ernest Jefferson,G49259,ME
Etta Fox,F66988,FL
Robert Tate,U53842,VA
Genevieve Perry,V56091,UT
Mable Burns,S04319,VA
Rodney Murray,Q97230,NV
Ralph Coleman,G77996,WV
Raymond Wood,V62577,AL
Roxie Horton,H49354,NY
Ray Stephens,T84650,NY
Andre Beck,P43472,NH
Rosie McBride,D16871,ME
Julian Welch,C84531,TN
Evelyn Meyer,U61921,ME
Raymond Stevenson,S20076,ME
Owen Medina,U80804,MO
Fanny Meyer,I29996,AL
Lois Harper,A02055,VA
Aaron Massey,W38305,ME
Eric Richards,W71842,AZ
Milton McBride,A38972,MO
Ola Ray,C36107,AL
Alvin Webster,X77952,DC
Verna Stewart,U70422,IL
Garrett Woods,A49437,KS
Francis Hubbard,Z41528,NH
Charlotte Riley,U08913,HI
Beatrice Dunn,S25834,ND
Christina Mack,S21927,WY
Lucy Holt,Z18331,WV
Cory Floyd,V61131,WV
Lela Yates,H29329,NY
Alberta Andrews,M32508,MA
Katherine Greene,H61939,UT
Owen Hernandez,C13076,AK
Philip Fox,K65793,FL
Herman Nguyen,K82076,NY
Steven Obrien,V44422,MI
Hettie Phelps,R93074,SD
Harold Mendez,U63896,HI
Leo Rogers,Y80748,AR
Lottie Hill,G59755,AK
Betty Johnston,D93775,MT
Jorge Morton,J41629,WV
Logan Wolfe,R25344,UT
Flora Baldwin,J95807,IL
Eric Ballard,N18968,IL
Dominic Floyd,Y63570,HI
Celia Shaw,S92411,MO
Jerome Shaw,D33339,WV
Joshua Gordon,Y91340,TN
Roger Peterson,E05648,HI
Leona Silva,V79743,FL
Arthur Green,K16509,AL
Gabriel Silva,F62144,ND
Alexander Caldwell,Q61868,AR
Delia Olson,V55590,UT
Roxie Hale,Q40527,ME
Minerva Scott,W03954,MO
Lily Vaughn,U47914,ME
Katharine Stevenson,I44076,AL
Christina Cohen,M28281,GA
Lloyd Yates,J01594,AR
Herbert Lloyd,J37188,AR
Amanda Gibbs,G28620,MD
Kyle Tran,L28814,NY
Michael Henry,N68388,ME
Floyd Scott,N18362,PA
Alexander Abbott,C64546,SD
Lena Moore,Q30130,VA
Johanna Singleton,H99507,CO
Roger Miller,Z15876,AR
Alberta Hammond,D99744,NE
Johnny Weber,N23313,WY
Ola Fleming,T88340,ME
Dollie Ford,N19714,HI
Lena Stokes,X03382,MN
Jerry Harper,B28665,ND
Gussie Mathis,L62613,ND
John Griffin,Q74481,NE
Clarence Ramos,X40081,AR
Maria Moreno,Q97664,AL
Olivia Phillips,O26706,ND
Brian Alvarado,I42471,ME
Rosie Fields,S62924,KS
Jose Harrison,Y84705,MO
Mabelle Bryan,G39709,MO
Matilda Hudson,D40720,MN
Leonard Barber,J35675,MO
Philip Foster,I56051,UT
Hannah Fields,M45170,RI
Adele Cobb,C05050,SD
Alma Hampton,G41557,AR
Devin Christensen,U91590,DC
Irene Bates,X05423,ND
Mina Strickland,R35396,ME
Jerry Grant,C56848,CO
Tyler Nelson,V17971,MO
Harriet McDonald,R79812,DC
Randy Stanley,P11880,RI
Caleb Cobb,F26390,VA
Marion Butler,B03677,WV
Mathilda Wong,N95541,NH
Keith Barton,V91601,AK
Henrietta Wilkerson,P52615,FL
Mitchell Fleming,L63326,PA
Kyle Page,G32413,WV
Abbie Gonzalez,V00449,DC
Jesus Richards,U48604,ME
Cora Terry,S36322,CT
Rosetta Ray,X56094,MT
Pearl Quinn,R81665,MD
Mary McGuire,I08021,PA
Mark Houston,B28952,NH
Frederick Diaz,R35561,VA
Norman Reeves,L45993,FL
Rodney Jacobs,D86625,UT
Myra Spencer,Z34154,CO
Edith Coleman,M12626,HI
Emma Morales,O48936,ME
Floyd Beck,A82712,AR
Joshua Baldwin,D66214,GA
Jackson Rose,K91928,HI
Jeremiah Spencer,D08217,GA
Maggie Cortez,G32679,DC
Callie Higgins,B34718,ME
Ivan Wallace,X80727,MI
Rosetta Morton,E53450,AL
Marion Lambert,Q24902,DC
Essie Mack,Q47935,AK
Curtis James,Y70408,RI
Milton Gonzales,C51982,ME
Nathan Jennings,C61041,NV
Sadie Ray,C22794,MD
Jesus Cobb,L76782,IL
Stanley Gonzales,F96218,DC
Augusta Martinez,B77461,HI
Bobby Douglas,P48573,AL
Bettie Reid,V41671,AL
Alberta Estrada,L43333,AL
Clara Dawson,P35203,AK
Elijah Simpson,Q41674,ND
Fanny Young,C46603,SD
Dean Maldonado,V90477,UT
Albert Walsh,K62664,AR
Eugene Rodgers,A43526,NY
Logan Moran,O39029,DC
Alma Hamilton,G83843,DC
Etta Terry,I66906,MN
Lena Burke,S51258,MS
Carolyn Cortez,G68838,UT
Celia Frank,U72181,CO
Maude Rowe,A63970,ME
Roy Roberson,N87904,WY
Zachary Lindsey,W96393,UT
Christopher Lyons,B15636,UT
Joshua Holloway,H62368,ME
Eric Delgado,W64465,SD
Calvin Daniel,O08827,AR
Isabelle Nelson,O59111,PA
Brian Greer,Q17472,TN
Ralph Green,S99420,NE
Clarence Burke,G15014,IL
Maggie Rhodes,H73097,CO
Phoebe Marsh,V72234,NH
Luella Herrera,R96025,DC
Elijah Wood,Y94615,KS
Ruth Thomas,R55508,UT
Gertrude Steele,X82332,UT
Bernard Massey,X26816,WV
Gilbert Boone,M88017,RI
Rosie Jones,Z01984,RI
Gordon Schneider,I31445,MS
Laura Jones,L47008,WY
Minnie Richards,M20809,NY
Elva Poole,M84678,NY
Corey Diaz,J55575,DC
Fannie Watkins,K67867,IL
Terry Warren,W19124,DC
Melvin Matthews,I10332,NY
Grace Clarke,C32817,WV
Georgie Ferguson,O95744,GA
Katharine Carr,K21583,NE
Ellen Gray,C36994,NE
Adelaide Cole,V29292,UT
Benjamin Goodman,P70920,ME
Flora Baker,C67979,HI
Virgie Miles,Y90326,AK
Lettie Rogers,K46372,NV
Mina Garner,X63740,KS
Lloyd Henry,I70637,GA
Mike Sandoval,R93828,ME
Derek Adkins,W77023,ND
Louisa Zimmerman,R03524,UT
Lydia Allison,F55008,RI
Benjamin Rodgers,W24168,HI
Nathan Chandler,S42710,NY
Zachary Holt,T86066,GA
Isabel Marshall,T61000,NY
Linnie Daniel,N95675,UT
Arthur Ortega,D74414,MI
Lillian Maxwell,L93390,CT
Vera Leonard,N27396,UT
Matilda Conner,W48744,SD
Cornelia Sanders,A13226,MN
Minerva Vega,Z24450,AZ
Viola Parsons,A46267,MT
Lottie Arnold,D36468,UT
Caroline Gomez,N47661,NY
Bradley McDaniel,Q25937,NE
Mark Wagner,Q76582,MT
Jerry White,D36447,WV
Chase Lee,Y23382,CO
Ola Murray,E90744,AL
Mario Holland,H74589,TN
Chester Hicks,A50975,IL
Rebecca Parsons,Q74814,ME
Jimmy Gregory,A32608,WY
Leila White,H34851,NV
Augusta Gilbert,Q53915,AZ
Rosetta Cook,K73877,CO
Eric Barnett,A12941,UT
Garrett Day,S27616,VA
Bettie Reeves,H89479,MT
Jeff Ball,P85046,MS
Mollie Fernandez,E77327,SD
Donald Hernandez,F89838,AL
Adelaide Wade,G16713,NH
Roger Mitchell,W67250,NH
Larry Curry,I83410,ME
Myrtie Powers,X11190,WV
Craig Hopkins,A07912,PA
Patrick Hanson,G66948,MI
Kathryn Christensen,C78819,UT
Bruce Cortez,A52877,UT
Scott Gibbs,Z69837,HI
Dylan Ball,Z41286,AZ
Gregory King,T85372,AZ
Dominic Joseph,X07769,ND
Roy Valdez,Y82338,AL
Rhoda Sullivan,K73494,MO
Paul Torres,I15926,CT
Annie Munoz,H26469,NY
Vera Edwards,V73819,MA
Victor Hampton,K83817,DC
Hunter Dixon,D56490,AZ
Pearl Patton,T93043,MT
Abbie Norman,J18939,MS
Myrtie Soto,I14439,FL
William Rivera,Y37381,NH
Erik Clayton,G24301,ME
Isabel Lambert,H34912,MO
Margaret Perry,I08642,ME
Violet Hill,X90029,MN
Elva Diaz,A61852,MI
Daniel Myers,Y54100,ME
Jean Alvarez,K88540,NY
Lulu Parker,O50201,DC
Hunter Fisher,R28739,CT
Bettie Myers,K02633,MN
Mason Manning,N91274,ME
Tillie Rodgers,T65031,WV
Darrell Willis,C88060,MA
Vernon Crawford,N97787,HI
Cornelia Lewis,H90377,ND
Cory Sherman,H93959,VA
Danny Ford,X05120,CO
Vernon Hart,R56208,NE
Roger Brown,P33573,NY
Alice Maldonado,T99468,MA
Dale Snyder,P82086,NH
Cynthia Carroll,R33232,AR
Jerry Fletcher,S06409,SD
Sophia Ryan,L29636,AK
Ernest Dennis,O96588,UT
Dylan Holland,X38389,FL
Danny Clark,J67404,NY
Katherine Aguilar,F18722,NE
Joel McBride,V60869,NY
Jesse Gordon,G94880,ME
Bobby Richards,K46776,WV
Thomas Tran,H66604,ND
Luke Gonzalez,Z48669,MS
Chester Reyes,G72194,DC
Mike Jensen,P36244,MD
Allen Holt,L65498,MT
Bernard Flores,D05982,MO
Leonard Kelley,V47640,ND
Iva Rogers,E92063,MO
Warren Powell,O58739,MA
Gene Reese,W81188,SD
Douglas Cobb,R45871,VA
Keith Wilkerson,Q33736,MN
Jessie Ballard,N49034,MI
Alan Schultz,F09412,AK
Mabel Ford,N14568,MN
Barbara Swanson,E13552,ME
Herbert Gonzalez,T40881,AL
Lois Blair,K11687,SD
Jayden Matthews,P16784,GA
Billy Santiago,Y57826,AR
Irene Lucas,P90464,VA
Maggie Saunders,E59431,DC
Mayme Banks,H80548,AL
Lloyd Diaz,X89468,PA
Jared Harris,R62109,NE
Luella Barnes,B99904,GA
Caleb Hawkins,S32333,MA
Amanda Garrett,V54808,MD
Dora Morrison,P19866,NE
Virginia Adkins,U09711,MI
Hilda Hampton,V35691,MN
Jorge Burke,E37779,NH
Antonio Hale,B32396,NH
Timothy Mann,N03972,CT
Theresa Cortez,E12642,WY
Jay Lucas,N17608,ND
Jayden Clark,V64530,UT
Maude Munoz,S21109,AZ
Daniel Duncan,M73463,FL
Scott Walsh,S21524,MS
Jean Howell,H19988,ME
Warren Terry,F40629,GA
Lloyd Allen,E55906,DC
Sadie Beck,Q34043,KS
Kathryn Armstrong,Y00889,VA
Clifford Walsh,A81602,CO
Harriett Herrera,D98674,ND
Jerome Parsons,F11324,HI
Nelle Graham,U75070,NH
Jordan Wilkins,Y46130,AK
Jose Harvey,L90614,HI
Katharine Banks,O38874,AL
Lula Hamilton,N24573,FL
Clifford Gardner,W96070,MO
Ivan Walker,U89884,NY
Jayden McCoy,S51113,CT
Harriett Hall,P53206,AL
Johnny Santiago,P85956,UT
Rosetta Howell,R00088,MT
Ricardo Olson,R66263,FL
Iva Moore,C61236,ME
Francisco Atkins,I53123,ND
Sophia Moss,T27450,NV
Cora Ward,E09453,CO
Marvin Warner,T86840,WV
Grace Walsh,P11783,NV
Alvin Palmer,V45551,UT
Sally Rodriguez,N79794,NY
Gerald Paul,W04026,NY
Augusta Griffin,W64047,AK
Susie Wolfe,R14938,NH
Nannie Hammond,M47524,MT
Katharine Patterson,H04957,MA
Lydia Mullins,A60954,VA
Bettie Green,C41387,CT
Etta Mitchell,K84684,FL
Laura Jimenez,K70540,HI
Fred Pratt,Z46711,NV
Sadie French,K53141,WV
Troy Stevens,X67884,ME
Katherine Richardson,U40938,AL
Hester Lewis,G31346,CT
Bessie Gibbs,O82684,FL
Isaiah Ford,F45555,UT
Lucille Frank,U97988,DC
Isabel Myers,K50745,UT
Madge Ward,X20236,MO
Todd Chandler,K08507,ME
Lewis Palmer,N18557,MO
Lloyd Jordan,C48985,ME
Lucille Johnson,P58956,AK
Noah Bradley,U88711,WY
Nathaniel Chandler,K84593,SD
Hunter Chambers,O50432,RI
Jane Mullins,P37166,SD
Norman Evans,Z78928,MS
Jerry Huff,I88009,CO
Vernon Morrison,B51298,KS
Charlotte Obrien,M28610,KS
Francisco Stevenson,S48558,PA
Amanda Vaughn,I71478,WY
Kathryn Huff,C53235,CO
James Paul,S70318,WV
Eugene James,X37537,MT
Justin Dennis,X03364,DC
Randall Wilkerson,I90741,NH
Isabelle Collins,Z48970,ND
Jeff Brown,I16388,NV
Lloyd Phillips,W85526,RI
Florence Robbins,C06915,AL
Julian Austin,Q35066,NY
Raymond Watts,R28593,CO
Mollie Martinez,G81632,GA
Anthony Ellis,G49725,AZ
Sophia Klein,Z70101,HI
Ina Bryan,L93646,NE
Amy Watkins,S20653,VA
Bessie Rose,F44991,AR
Gene Nichols,B32804,MD
Barry Massey,D20068,NY
Oscar Gomez,R62661,CO
Betty Burgess,I03402,AR
Terry Watkins,U11215,AK
Sophia Gonzales,F69951,CO
Viola Snyder,K24065,MA
Richard Clark,M13814,NH
Madge Peters,Z59432,MN
Alex Maxwell,S98527,KS
Hulda Bowman,N80113,KS
Fannie Webb,B40367,AL
Marcus Castillo,V34825,CT
Addie Kim,Q51500,MS
Rosetta Cruz,I51930,NY
Rhoda Ray,L26455,MT
Anne Mack,D61923,WV
Ellen Terry,D52844,AL
Stephen Walsh,I71274,HI
Sally Norton,J70904,NH
Belle Morton,Y34108,CO
Bobby Myers,E64254,MS
Billy Ramos,U13198,NH
Beulah Potter,C42100,PA
Ryan Abbott,F57164,AK
Jordan Pittman,M19322,UT
Frederick Gonzales,P38593,UT
Matilda Coleman,W17963,MT
Henry Payne,Z62472,ME
Matthew Little,B65432,ND
Leila Page,R19141,PA
Christopher Briggs,V94140,AK
Olivia Hardy,S66143,AR
Alex Graves,K78803,DC
Pearl McBride,S98255,HI
Steven Henry,L67595,MI
Arthur Riley,A12377,HI
Chester Willis,S02532,DC
Kate Hampton,K03735,UT
Victoria Morris,C88986,MD
Jerome Marshall,F45453,MI
Beulah Underwood,I56814,AK
Andre Harrington,K32877,HI
Minnie Delgado,W17186,ME
Jessie Rice,A11259,NH
Cole Gonzalez,M13434,ME
Jeremiah Newman,Y03188,DC
Frederick Medina,J44344,MT
Sophie Bates,B16976,MN
Hester Edwards,Z54045,UT
Anthony Reid,Q49860,NH
Jorge Harmon,H94581,NY
Abbie Quinn,Z25021,WV
Ricardo Dixon,V36334,MN
Tillie Cole,B83760,NY
Jack Allen,O61955,MS
Ronnie Douglas,A13377,IL
Alan Martin,H42305,ND
Todd Hopkins,L92231,CT
Belle Maldonado,N98356,AK
Jeffery Perez,V52000,MS
Joe Singleton,U98113,WV
Clyde Obrien,C68626,MD
Abbie Shaw,L70564,WY
Ruby Fleming,N86806,ND
Benjamin Coleman,W53715,KS
Rosalie Haynes,M39183,WV
Pauline Hammond,K31893,UT
Eddie Phillips,W21399,NY
May Weber,Z86228,CT
Estella Parker,E77279,AZ
Roxie Walters,Q55106,UT
Rosa Wilkins,E08615,PA
Phillip Hogan,C67317,DC
Nannie Mann,E69037,MO
Augusta Wells,D86358,MA
Cecelia Kelley,P42380,ME
Benjamin Glover,J25501,WV
Steve Coleman,Z62790,AL
Barbara Jones,Z66022,MN
Ernest Vasquez,Y14249,RI
Hulda Reese,J20639,NY
Dean Lowe,X37542,NY
Chester Vargas,P13815,MT
Isabelle Bailey,G25141,NE
Scott Gomez,K26310,HI
Mark Ellis,F33393,MN
Flora Dunn,E71337,SD
Noah Crawford,Y33100,SD
Jessie Fowler,A30672,UT
Owen Owens,X36554,GA
Nancy Aguilar,H26982,UT
Alex Dawson,V35083,SD
Minerva Phelps,A08057,NY
Lucille Robbins,V75203,MT
Louise Clayton,L77585,PA
Jessie Bryan,P36992,MT
Hester Diaz,M24134,ME
Dylan Bush,A89537,CO
Lucas Robinson,C58235,AL
Cynthia Collier,F68047,KS
Gilbert Snyder,B08387,MT
Elmer Hudson,X79345,TN
Nellie Dennis,M06688,HI
Dylan McGuire,P78057,AK
Mina Harris,Q00541,NE
Ora Richardson,R11562,HI
Pauline Huff,T05462,AR
Mina Kelly,T03221,CO
Ivan Curry,W93914,ME
Vincent Sanders,I33936,CO
Clayton Underwood,S51453,UT
Carlos Price,F31884,MS
Lela Lewis,U75448,NH
Jacob Watkins,B73342,MA
Harry Simpson,X48445,PA
Cora Price,X56614,AL
Nathaniel Allen,W25115,AL
Lucas Ramsey,W07791,NH
Mitchell Perkins,G95399,MS
Victor Ball,V86197,ND
Sean Walsh,I68304,AZ
Virginia Moss,U54767,WV
Madge McKinney,P92525,UT
Tom Palmer,R88497,NY
Edward Hamilton,Z97734,RI
Angel Barrett,K97704,MT
Clarence Fleming,F21721,ME
Cole Kelly,U51073,KS
Willie Perez,S12104,NV
Alvin Goodman,N29485,RI
Loretta Cunningham,K73327,CT
Gordon Weaver,A57962,CO
Eliza Gilbert,P68967,UT
Harry Reeves,Q13633,RI
Ricky Bowen,I62396,ND
Nora Ferguson,A64241,KS
Della Mendoza,S23089,MD
Victor Klein,I89987,NE
Wesley Russell,J55884,ME
Cora Harvey,P56639,NH
Teresa Carlson,K16341,UT
Joseph Rogers,B03132,DC
Wayne Cox,Z81691,FL
Jessie Clarke,I91403,NY
Marc Moss,O17310,MN
Nell Long,N00997,CO
Caroline Drake,Z89378,AL
Nancy Stokes,Y62252,NY
Anthony Townsend,E08162,MO
Sean Page,E26247,NH
Cameron Sharp,Y49406,WY
Abbie Banks,W13226,NE
James Kennedy,W99632,MI
Jessie Cox,M13178,MT
Todd Gonzales,X97669,GA
Norman Butler,Z65834,MN
Derek Floyd,I74127,NY
Joshua Waters,F66455,GA
Sally Martinez,L09257,MA
Glen Santos,P54691,SD
Claudia Brady,I53105,NH
Della Tyler,N45247,MT
Cordelia Massey,V30001,UT
Todd Hill,T82900,AZ
Ora Garrett,E44306,WV
Luella Horton,Z88899,AK
Viola Frazier,R45551,MT
Charles Tucker,H65911,ND
Dora Garcia,W90731,CO
Hattie Kim,K46916,AZ
Eula Ramsey,O29690,MI
Mildred Gill,B26332,SD
Marguerite Love,A70177,NY
Rose Rodriguez,D08700,ME
Lucy Spencer,B88715,NY
Rosetta Sandoval,Z35776,FL
Leon Baldwin,W13988,ME
Jeremy Lawson,O70915,AL
Ralph Brewer,R75097,MN
Mable Long,O56412,VA
Stanley Harris,Y20815,FL
Joel Soto,K41389,ND
Micheal Lawson,B35770,CT
Devin Walton,C54496,DC
Gregory Caldwell,Y90713,RI
Jessie Ramirez,T54697,HI
Marian Reed,M77881,AK
Ricky Wright,H10857,MO
Sally James,Y28534,DC
Marion Davidson,Q17594,NH
Georgia Holloway,Q15064,CT
Mamie Lyons,K85870,MT
Clyde Spencer,X92402,MA
Lina Logan,R47258,MT
Theresa Summers,I39174,SD
Ruby Conner,F38341,UT
Jon Long,S51169,CT
Edna Schwartz,B09824,FL
Vera Tran,M55909,FL
Sylvia Sanchez,D79241,MD
Emily Hunt,Z42066,RI
Francis Chandler,C22325,AR
Noah George,R38928,PA
Louis Frazier,K33266,CO
Johnny Ortiz,O57413,NY
Rena Clayton,Q32390,TN
Robert Miller,O25410,MA
Wayne Herrera,A55651,MD
Eric Parks,B24098,TN
Jay Watson,O76207,AR
Celia Berry,J20418,NH
Callie Alexander,D74627,PA
Marguerite West,G94345,DC
Chad Strickland,K90453,NE
Lora Chambers,Q64325,NH
Alan Anderson,F82464,MN
Dustin Black,M68177,ND
Olga Walters,C68465,NY
Leah Patton,V89186,MI
Lettie Perez,Y16813,MA
Estelle Griffith,E02794,CO
Zachary Daniel,O68744,MO
Juan Mendez,W64589,RI
Maurice Wright,N38979,NY
Lucille Malone,W41911,HI
Leah Brock,R48605,NH
Allie Sharp,G67561,VA
Lizzie Sandoval,Q65089,RI
Gene Kelly,J70623,VA
Lula Allison,W11334,CO
Nicholas Perkins,A18451,GA
Marcus Carson,F33225,AR
Lena Flowers,H62857,UT
Jeremy Stokes,F37810,ME
Howard Walsh,V46170,MA
Thomas Casey,O57333,AZ
Tillie Hill,J25852,RI
Herman Garner,X44453,AR
Alma Harris,L63565,AL
Sophia Medina,O63861,AZ
Florence Zimmerman,B35583,AL
Mina Nichols,B60050,MT
Elnora Santos,T32568,TN
Leroy Atkins,Y75060,ME
Helen Warner,C35819,WV
Connor Wolfe,F56698,CT
William Elliott,S97569,DC
Jennie Delgado,H78187,MI
Lewis Carter,Y14910,NY
Samuel Brady,W30461,NV
Eric Murphy,W15985,AK
Duane Ingram,W89408,AK
Lucile Wallace,L30622,WY
Larry Walton,H95813,RI
Maud Schultz,L05459,NY
Frederick Cunningham,D36634,MA
Mable Haynes,K82805,NE
Dustin Wagner,L18052,AL
Roger Sims,W54848,DC
Melvin Daniel,W52927,MD
Celia Hill,Y70816,NY
Herman Reese,M60771,DC
Stanley Foster,Y89941,KS
Trevor Malone,R23615,MA
Lela Carpenter,F36874,NE
Lee Lucas,F68304,NY
Frederick West,M68643,PA
Bradley Valdez,U33211,RI
Gussie Cortez,Y62791,HI
Marie Obrien,Q22756,NH
David Todd,V74312,GA
Harold Barnett,J52588,NE
Mario McCormick,X63763,UT
Gerald Lloyd,X68154,MA
Chase Hogan,A70962,MT
Helena Ballard,Z41803,MO
Rosa Lynch,M73678,WY
Josephine McLaughlin,X25440,NV
Kevin Atkins,I89232,MD
Dennis Mitchell,K13981,ME
Bettie Rhodes,S27331,AL
Arthur Stewart,Y19417,MN
Christina Carlson,P41369,KS
Jane Lopez,R64630,MT
Augusta Chapman,C02423,MT
Daisy Owens,S84446,WV
Amy Stewart,O79064,FL
Sallie Hines,F29530,WY
Jack Castillo,L62850,WY
Lawrence Edwards,G21474,MT
Agnes Wilkerson,B40251,NH
Clayton Norris,Q90749,HI
Myra Watson,T89610,NE
Nell Benson,T78060,NE
Lucy Maxwell,Q07582,UT
Bill Hopkins,F66482,AZ
Charlotte Washington,T43444,MO
Wayne Alexander,R81896,MD
Lydia Briggs,B84117,PA
Louisa Hines,R29283,CO
Christina Anderson,N13576,AR
Tyler Kelly,J16094,NY
Helen Ball,V39051,AR
Lewis Payne,U82170,MT
Olive Love,B28980,UT
Amanda Green,Q46736,AR
Duane Morrison,A00475,DC
Dorothy Daniel,B95026,FL
Isabella Bates,O36196,UT
Jorge Hopkins,F93423,NH
Noah Peters,L93170,ND
Ryan Christensen,L90003,NH
Lewis Bell,L48542,CO
Vernon Campbell,G06687,NE
Beulah Owens,Y62557,WV
Lura Woods,H05608,ME
Polly French,Q14425,ME
Alex Moran,L53662,AL
Carl Lowe,U74289,NE
Ann Carlson,I57539,NH
Estella Martinez,A66197,ND
Ellen Wells,N58249,NE
Ivan Watkins,H67744,NE
Rhoda Drake,G94583,AZ
Joel Hines,R21738,ME
Sarah Padilla,L84852,MT
Bobby Stone,J01607,AK
Marc Cox,M71686,HI
Ethel Herrera,V80806,CO
Vera Webster,I28644,NY
Russell Wood,J11205,NH
William Ward,I82607,MI
Luke Lloyd,R25094,ME
Erik Montgomery,G01807,RI
Jim Davidson,S07675,SD
Harry Myers,E66420,AK
Nancy Barker,Q37065,NV
Vincent Carlson,R28089,SD
Marguerite Ball,O25180,ND
Nicholas Bowen,T70493,NH
Rosie Rhodes,X47453,NE
Pearl Johnson,T68260,ME
Sadie Franklin,V93394,MD
Ralph Graham,D96205,FL
Jeremiah Becker,N94133,MD
George Christensen,X21383,WV
Lura Pierce,H97151,AL
Willie Weber,B14110,MD
Adam Graves,L72453,AK
Manuel Warner,A32666,GA
Amy Parsons,J84214,AZ
Darrell Wolfe,B70214,IL
Jason Cunningham,H32655,MD
Sara Mason,O99900,AZ
Jack Fernandez,I00728,AZ
Lora Barnett,T77698,HI
Cynthia Mendez,Z34330,RI
Ola Barnes,C26842,AK
Ann Newman,X91587,ND
Myra Christensen,Q54567,HI
Rosa Chambers,B88620,ND
Cameron Reid,N78685,AR
Caleb Erickson,X75525,HI
Anne Sutton,O68341,MT
Randy Jensen,S34698,ND
Jimmy Valdez,Z21173,SD
Hallie Murray,Y26293,WV
Winnie Smith,W12395,CT
Derek Becker,Q11770,WV
Jeanette Ryan,F49352,ME
Birdie Hawkins,Y23400,NH
Jorge Norman,L93891,CT
Ricardo Rowe,K54776,NY
Christine Beck,N00298,NY
Fannie Cohen,V79328,DC
Alberta Ford,X84324,CO
Georgia Becker,Q64167,WV
Marie Bryant,K75880,MA
Rachel Cooper,J43674,MT
Alice Stevens,Z40690,ME
Gilbert Hodges,I98848,AL
Scott Peterson,Z62238,AL
Pauline Thompson,X15913,FL
Jacob Murray,H00310,DC
Hettie Perry,J34877,UT
Jay Anderson,U12847,SD
Sophie Day,R48584,TN
Jesus Ortega,N18282,AR
Bryan Andrews,R71200,RI
Eugenia Hardy,J62662,NY
Mario Harrison,Y11851,ME
Derrick Leonard,G97481,PA
Ricky Ross,J68544,NE
Minerva Maldonado,D73572,DC
Mattie Matthews,R38026,CO
Lula Barnes,T78343,PA
Linnie Robertson,X77532,ND
Louis Christensen,W34984,HI
Louis Rivera,Z79368,GA
Albert Simmons,F06039,MI
Russell Walton,Z44979,MI
Ricardo Brooks,U96905,ND
Leona Sanchez,B19372,WY
Rosetta Cooper,J21515,HI
Janie Abbott,P04315,CT
Miguel Waters,V36768,GA
Tyler Hicks,R95643,MD
Tony Williams,G07325,AZ
Elsie Cohen,N79830,AK
Ora Adkins,O37428,WY
Leroy Romero,U36996,MD
Alice Flowers,I06784,NE
Lillie Page,I00249,TN
Lulu Morales,Q73937,NH
Ruth Flowers,B77621,CO
Alberta Roberts,T61356,NH
Eula Knight,J30596,AL
Martin Harrington,W62987,NY
Francis McDaniel,Z29464,MO
Belle Grant,C75855,FL
Jacob Jacobs,W91649,MI
Lucile Parker,O89736,UT
Michael Pearson,F93971,WV
Kathryn Walters,U37850,PA
Alma Colon,S81555,UT
Milton Guerrero,F38145,FL
Lucy Norman,G56130,MT
Aiden West,H21705,WV
Catherine Ortiz,Q41325,UT
Mark Wolfe,L80929,KS
Paul Powers,W97173,ND
Alta Bryan,Y41104,UT
Edgar Rodgers,I06465,MI
Bettie Cruz,W39000,ME
Terry Hunt,Y84011,UT
Eddie Gonzalez,J86798,MS
Luella Washington,M46704,ME
Mabel Ferguson,D87505,MD
Hattie Armstrong,Q85397,NH
Christine Simpson,L39587,MN
Joseph Flowers,I21533,NH
Olivia Stevenson,H68183,TN
Frederick Rios,R08587,AL
Randall Greene,Q10844,AL
Jayden Warner,I77752,MA
Vincent Hodges,J33818,NE
Jacob Reese,F02957,KS
Edwin Murphy,X73740,ME
Luis Phelps,Q86432,AK
Augusta Duncan,M64800,HI
Bryan Moran,I01757,CO
Leon Houston,K95135,UT
Sue Rice,O80010,GA
Polly Todd,N36787,CT
Nathaniel Gray,X38603,MN
Mario Gordon,A74051,VA
Henry Austin,M83999,NE
Calvin Meyer,F78617,ME
Harriet Fernandez,F63956,AZ
Sean Valdez,L75692,ND
Effie Day,D93867,CO
Irene Wagner,Q27568,GA
Jeffrey White,P15386,MA
Phoebe Barnett,D27257,VA
Don Yates,I34417,GA
Garrett Brooks,H25997,ME
Gene Ballard,P64955,NH
Ada Stevens,R88216,MT
Willie Morrison,J22508,HI
Callie Gonzalez,X93463,NE
Marcus Clayton,D28880,HI
Hettie Brown,U39307,AL
Mason Burns,U78896,AR
Maud Thomas,N96883,MD
Cory Richardson,Q55641,IL
Christopher Hopkins,S66466,AZ
Francisco Pope,N18590,AL
Martha Barker,S44009,AR
Dominic Alexander,Y99699,UT
Millie Parker,R24912,NE
Logan Jimenez,N31882,WY
Frank Martinez,Z93268,MT
Etta West,Q30633,CT
Lillie Burgess,V10619,CO
Callie Jefferson,V76794,CT
Lola Morales,O47178,WY
Tony Moss,P39638,MI
Leah Gross,T81207,DC
Landon Waters,O39641,MI
James Walton,D68836,TN
Frances Chambers,W88044,MO
Anne Stewart,J80160,NV
Martin Houston,X09182,MA
Nancy Cain,F66958,ME
Nelle Horton,B21551,ME
Millie Newman,P88960,MS
Janie Houston,V20153,WY
Shawn Perkins,Y59387,NH
Russell Black,S34350,MT
Katie Garza,H47577,MS
Isabelle Cook,Q34651,ME
Lou Powers,O91992,RI
Nelle Gardner,M06973,RI
Mae Burke,X85894,ND
Brandon Miller,Q93290,IL
Ada Bryant,F09551,MS
Dora Wheeler,R93280,ME
Ronald Meyer,N48337,AK
Walter Becker,S97705,ME
Herbert Foster,B08634,CO
Essie Harrison,T16437,AL
Noah Lawrence,S72884,WV
Cody Hunter,N83433,GA
Bradley Lucas,P63196,NE
Warren Carter,V67894,NH
Irene Ramos,X50349,SD
Clyde Salazar,F01065,ME
Wayne Robbins,Z20784,RI
Agnes Black,O22390,AK
Luella Phillips,C79702,MD
Sara Rodgers,U82293,MN
Eva Coleman,O27640,GA
Adelaide Coleman,I29738,NH
Jerry Lamb,L61385,MO
Harriet Bates,Z65137,NH
Mabel Boone,Q44011,NY
Kyle Henderson,M31469,NV
Frances Fleming,D60649,AR
Kate McDonald,G36325,CO
Clyde Harris,A79198,GA
Max Lindsey,L26598,AZ
Nathan Bowen,J72294,MN
Dollie Massey,M70695,CT
Connor Brown,C24060,WV
Adele Henderson,A93023,NV
Robert Davidson,Q36415,NE
Tom Doyle,T80884,GA
Marcus Cummings,T99109,UT
Trevor Gonzales,L55946,ME
Russell Little,I44447,HI
Marguerite Todd,X93533,AR
Eula Farmer,B41287,ME
Tommy Ingram,X04472,AR
Garrett McDaniel,Z06100,AK
Caroline Hardy,S75924,NH
Lily Roberts,H84679,RI
Christian Quinn,L21058,UT
Jimmy White,T56918,DC
Lenora George,G40528,SD
Katherine Pratt,W45616,ND
Justin Richardson,I96951,FL
Ella Rios,M74575,FL
Herman Garrett,O21030,MA
Lloyd Roy,I01610,PA
Austin Wheeler,G72014,WY
Dorothy Christensen,Q02870,SD
Sally Rodgers,C68465,NH
Olga Ramsey,Z82422,TN
Gussie Benson,K79583,NH
George Nunez,C09690,VA
Devin Figueroa,T60263,PA
Katharine Ellis,B01757,AL
Wayne Anderson,H30592,MO
Hester Bowers,I73694,RI
Ollie Soto,X43749,MO
Leila Hunt,A96958,HI
Frank Taylor,Q62911,CO
Alice Santos,C11286,NV
