name,bartenderId,State of Residence
Cody Valdez,BID4181,VT
Julia McKenzie,BID4043,WY
Beatrice Wise,BID0649,KS
Janie Bryan,BID2256,MN
Lottie Drake,BID4641,NY
Myra Harmon,BID6230,CT
Lewis Erickson,BID6838,TN
Rose Campbell,BID8599,MI
Jordan Pena,BID8935,UT
Brent Norton,BID3006,NC
Eleanor Smith,BID4625,WY
Caleb George,BID9947,NY
Todd Blake,BID5800,NY
Olive Williamson,BID4606,NH
Jon Parks,BID6005,TN
Herbert Carter,BID6230,MN
Phillip Vasquez,BID6015,SC
Gussie Tyler,BID3315,AZ
Dean Hanson,BID8306,DE
Joe Gross,BID6169,AR
Nina Alexander,BID4885,ME
Danny Stanley,BID3713,CO
Floyd Mullins,BID2593,MA
Oscar Nash,BID3871,NC
Winnie Meyer,BID7987,CT
Alex Brown,BID5214,RI
Helena Ball,BID1978,MO
Keith Bryan,BID7863,NV
Justin Valdez,BID9485,WY
Walter Montgomery,BID5149,NC
Jeffrey Alvarez,BID1209,ME
Ruth Parsons,BID8242,NH
Amelia Walters,BID2078,CT
Evan Hodges,BID8448,GA
Andre Barrett,BID0518,FL
Cory Underwood,BID3306,MA
Gene Houston,BID1369,IN
Jon Estrada,BID5258,NC
Edna Huff,BID9484,CO
Steven McDonald,BID0890,ME
Katharine Lamb,BID0191,LA
Madge Kennedy,BID6601,NC
Chris Glover,BID4136,CO
Marie Lindsey,BID3629,MA
Lucy Howell,BID4725,PA
Nina Mitchell,BID8511,WV
Lela Mills,BID0933,MS
Albert Jenkins,BID2005,WV
Dora Coleman,BID3278,WI
Adele Baldwin,BID9641,AZ
Derrick Knight,BID2356,FL
Allie Richardson,BID0724,CO
Isabelle Horton,BID0431,WI
Iva Nguyen,BID4986,LA
Ethan McBride,BID6729,MO
Warren Bryan,BID7979,ME
Isabella Casey,BID4420,NY
Ophelia Jackson,BID9042,GA
Tony Osborne,BID2086,NE
Melvin Ruiz,BID3149,HI
Donald Cummings,BID2500,SC
Mike Russell,BID7647,WY
Sallie Lambert,BID8998,AZ
Caroline West,BID0436,MT
Marion Reynolds,BID8016,CT
Jorge Wade,BID1585,VT
Inez Holt,BID6305,WV
Timothy Cortez,BID9649,WV
Ola Newton,BID6259,PA
Evan Guzman,BID2042,NJ
Lou Neal,BID3684,CT
Fannie Hanson,BID9733,AL
Rachel Gregory,BID2154,ME
Norman Burke,BID4483,OR
Roxie Blair,BID2544,CO
Loretta Wise,BID8553,AL
Ronnie Welch,BID2747,HI
Esther Stokes,BID8134,MI
Theodore Allen,BID7527,UT
George Walton,BID0537,ND
Zachary Higgins,BID8112,UT
Della Harrison,BID5914,CA
Fannie Watkins,BID2024,UT
Lucinda Hall,BID8746,FL
Jackson Wallace,BID6385,FL
Melvin Berry,BID1801,VT
Dale Hansen,BID7853,NH
Eliza Porter,BID9214,NY
Leah Riley,BID0700,MO
Adelaide Salazar,BID9796,RI
Chris Hammond,BID8682,CO
Francisco Barrett,BID4576,CT
Mary Edwards,BID6105,NV
Eleanor Nguyen,BID5106,MI
Mary Pena,BID4392,CO
Daisy Singleton,BID3282,NE
Josie Pierce,BID4567,NC
Lee Vaughn,BID5245,MD
Lee Robertson,BID3560,NJ
Maude Harmon,BID6893,OK
Georgia Haynes,BID0478,ND
Ryan Copeland,BID4394,DC
Dennis Martinez,BID4590,NE
Miguel Spencer,BID9854,MI
Maud Wright,BID9449,WV
Don Sanchez,BID1871,AZ
Alta Graves,BID3070,AZ
Virginia Francis,BID9448,MO
Etta Powers,BID8688,WV
Hallie Bass,BID6279,WV
Matthew Simmons,BID9861,AZ
Duane Hogan,BID4737,MS
Susie Gross,BID9631,HI
Lucile French,BID1846,DE
Olga McBride,BID3595,DE
Clayton Huff,BID8054,UT
Charlotte Reeves,BID8908,MD
Lettie Morrison,BID1384,MN
Stanley Nunez,BID2103,IN
Vera Rodriguez,BID6004,LA
Alta Pittman,BID5605,MO
Gussie Becker,BID1064,OK
Lulu White,BID7931,DC
Lina Duncan,BID5761,FL
Birdie Cobb,BID4872,AR
Kathryn Rogers,BID9539,WY
Brent Walker,BID2896,MO
Jesus Gross,BID7589,MO
Agnes Lamb,BID4725,HI
Marion Harris,BID2789,AR
Evelyn Bass,BID1261,WV
Sean Yates,BID3458,KS
Leroy Lawson,BID7335,OK
Lily Willis,BID3827,NC
Mark Gray,BID9582,KS
Louise Long,BID1456,OK
Rodney Manning,BID2585,HI
Elnora Ingram,BID3972,CO
Wayne Copeland,BID4447,SD
Ethel Grant,BID1006,MO
Ora Sullivan,BID1964,PA
Bruce Pratt,BID9818,MT
Phillip Hodges,BID4549,HI
Emilie Greene,BID2287,UT
Connor Ramsey,BID4418,AK
Helen Price,BID6247,MS
Elva Hughes,BID9273,WV
Adele Nash,BID6678,MD
Franklin Edwards,BID1465,KS
Mollie Reynolds,BID1970,IN
Raymond Benson,BID5503,AK
Donald Hodges,BID1736,MD
Adele Malone,BID1179,NY
Gordon Nash,BID2338,IN
Mathilda Fitzgerald,BID1407,SD
Gene Moss,BID6615,CO
Marie Tucker,BID2250,SC
Mary Todd,BID6619,FL
Clyde Curry,BID5513,MI
Susan Welch,BID9701,FL
Allen Newton,BID0451,IA
Genevieve Robbins,BID6833,AL
Evelyn Gomez,BID6588,WV
Warren McKenzie,BID1843,VT
Lucas McKenzie,BID7145,MT
Lela Hayes,BID2341,DE
Minnie McCoy,BID1191,DC
Cornelia Strickland,BID6663,TN
Danny Frazier,BID9188,UT
Olga King,BID6138,AK
Ronald Warren,BID7548,CA
Lucy Miller,BID9642,GA
Grace Mullins,BID5879,NH
Winnie Bridges,BID1889,NE
Sadie Singleton,BID5489,MD
Erik Bates,BID8866,LA
Nina Garza,BID5872,AL
Jean Myers,BID1996,AR
Fred Dixon,BID1591,AZ
Eleanor Ramos,BID4320,CT
Manuel Kennedy,BID9306,ME
Oscar Jimenez,BID8336,NH
Floyd Phelps,BID9315,AK
Jack Santos,BID9365,UT
Devin Gray,BID0318,IN
Estella Wade,BID6176,CO
Caleb Morris,BID9733,KS
Terry Ball,BID0129,GA
Landon Francis,BID1060,AR
Cecelia Fuller,BID7168,NH
Lloyd Poole,BID9049,FL
Mae Payne,BID3155,AL
Nina Lucas,BID4409,MN
Manuel Howard,BID6351,TN
Daniel Dixon,BID5718,AK
Scott Bush,BID3205,HI
Annie French,BID2134,MI
Leah McGuire,BID5798,MA
Emily Mills,BID3104,ME
Bertha Doyle,BID4331,WI
Clarence Tyler,BID9409,AL
Victor Fowler,BID1183,VT
Christine Ross,BID1326,HI
Frederick Gregory,BID1190,AL
Myrtle Vaughn,BID3049,MA
Dale Watkins,BID3715,NY
Cynthia Simmons,BID5670,IA
Johanna Harvey,BID4443,MD
Cornelia Hansen,BID3364,AL
Allie Alvarez,BID3522,MO
Brent Anderson,BID9179,NE
Augusta Stevens,BID8753,ME
Kate Hayes,BID1237,MD
Cody Hunter,BID6556,WV
Alberta Hicks,BID5042,CT
Arthur Cain,BID6858,MO
Lillian McKinney,BID7657,ME
Iva Howard,BID1229,WI
Earl Hopkins,BID8539,NY
Bruce Sanders,BID4839,CT
Vincent Alvarez,BID5887,AK
Sara Harrison,BID7712,MO
Eunice Mack,BID5100,CT
Dominic George,BID2133,NE
Jesse Rice,BID8468,TN
Raymond Bass,BID1975,AL
Lucy Henry,BID9598,OR
Brett Walters,BID3646,SC
Iva Hudson,BID6034,KS
Marie Pierce,BID4509,RI
Duane Hall,BID7585,CT
Randall Holloway,BID0911,MS
Martin Huff,BID8054,NC
Sallie Palmer,BID9421,NE
Myra Erickson,BID9508,CT
Millie Ellis,BID0450,WV
Aaron Lindsey,BID3048,RI
Aiden Cohen,BID2352,LA
Alejandro Brock,BID9074,NY
Nora Malone,BID1381,DC
Ida Lloyd,BID5429,CO
Gerald Strickland,BID2380,DE
Jeffrey Schmidt,BID5231,DE
Landon Garza,BID9692,UT
Marguerite Howard,BID5363,MO
Susan Rodriquez,BID0665,NH
Christina Maxwell,BID1543,WV
Emily Caldwell,BID0024,KS
Milton McGuire,BID8359,KS
Ricky Castillo,BID2236,NE
Dustin Barnes,BID4448,CO
Elijah Andrews,BID6274,OK
Richard Daniels,BID9169,HI
Stephen Romero,BID1599,MT
Randall Welch,BID2398,GA
Henrietta Hicks,BID9508,OR
Milton Stewart,BID0672,DC
Edna Cunningham,BID2551,MD
Lucile Sandoval,BID1747,LA
Richard Sanders,BID6335,AR
Fred Benson,BID2973,MO
Augusta Gordon,BID6298,IL
Seth Simon,BID0580,AZ
Isabella Holloway,BID9147,UT
Philip Dixon,BID8945,NY
Noah McDonald,BID4392,TN
Aaron Love,BID1720,DC
Myra Barnes,BID2668,MA
Christian Saunders,BID5119,MS
Myra Valdez,BID4161,CT
Florence Silva,BID4796,ME
Luella Reynolds,BID5294,NH
Mable Russell,BID4962,AZ
Amanda Collier,BID6352,FL
Minerva Rogers,BID6797,MI
Ray Rodgers,BID1307,NE
Trevor Snyder,BID8630,IN
Miguel Lopez,BID7490,MO
Estelle Stephens,BID5471,ND
Mario Hall,BID0233,ME
Essie Gibbs,BID0667,FL
Ian McLaughlin,BID6956,GA
Ophelia Wagner,BID8931,AZ
Austin Walters,BID8901,MO
Harriet Lawson,BID8686,WY
Fannie Fleming,BID0226,HI
Sam Rose,BID0600,MA
Donald Webb,BID5613,ME
Francisco Dixon,BID9934,HI
Katie Zimmerman,BID4599,KS
Vera Murray,BID8025,MI
Alejandro Gill,BID0567,VT
Charlie Hogan,BID7515,MO
Ruby Parks,BID6535,CT
Ethan Frazier,BID3331,AR
Willie Chapman,BID3900,GA
Chase Morales,BID9715,NH
Derrick Goodwin,BID4584,MA
Frances Martin,BID1573,FL
Hester Valdez,BID0322,AZ
Lydia Holt,BID0347,TN
Lucille Love,BID3710,HI
Ruth Simmons,BID2022,WV
Arthur Guerrero,BID3358,NY
Celia Hall,BID4711,NC
Loretta Lane,BID4397,CO
Tillie West,BID1050,DC
Ethan Hernandez,BID1741,OR
Dollie Carr,BID1876,MA
Philip Pena,BID9133,MO
Milton Norris,BID2617,HI
Mae Guzman,BID8012,HI
Lottie Nunez,BID8303,SD
Elizabeth Blake,BID9742,NE
Claudia Rios,BID8699,UT
Jacob Gomez,BID6754,MI
Floyd Wilson,BID8803,ME
Floyd Swanson,BID8751,AZ
Gerald Rogers,BID2779,KS
Gary Lambert,BID3477,MD
Cody Henderson,BID5690,IL
Josephine Yates,BID8208,GA
John Obrien,BID9713,ND
Marcus Palmer,BID8849,MS
Isaac Welch,BID5328,IL
Adam Copeland,BID0690,ND
Owen Holt,BID7191,CT
Terry Reese,BID9066,WY
Derrick Young,BID2134,RI
Lester Reynolds,BID5296,CO
Elnora Kim,BID6357,UT
Jimmy James,BID3154,AL
Randall Salazar,BID8646,AK
Marion Hughes,BID5932,MA
Lucy Dean,BID2414,WY
Lula Knight,BID2670,MO
Steven Mathis,BID7689,TN
Theresa Allen,BID3495,NE
Angel Drake,BID4284,MA
Nathaniel Matthews,BID1482,MO
Andrew Hogan,BID7105,MO
Katie Moran,BID6300,TN
Amanda Richards,BID9466,AZ
Herbert Hudson,BID6756,NC
Nellie Morton,BID1911,CO
Jean Padilla,BID0474,VT
Sue Holmes,BID7352,FL
Clyde Hamilton,BID5772,HI
Della Williams,BID3076,CT
Helen Mills,BID1402,UT
Jeffery Daniel,BID0222,NC
Albert Lambert,BID0118,MN
Leona Cruz,BID7488,NC
Raymond Reed,BID8267,AZ
Rosa McDonald,BID7424,MN
Francis Chandler,BID5899,IN
Elizabeth Brewer,BID5522,DE
Jayden Lloyd,BID2862,NH
Elnora Banks,BID4913,AZ
Jeffery Strickland,BID4292,NY
Mathilda Norman,BID0088,KS
Eleanor McCarthy,BID1491,MT
Joel Murphy,BID9157,NE
Elnora Lopez,BID4878,VA
Vernon Ford,BID2699,MI
Ellen Perry,BID5398,FL
Shane Jenkins,BID3895,ME
Nell Strickland,BID0898,LA
Randall Dixon,BID1883,ND
Cecilia Hanson,BID4736,NE
Derek Wilkins,BID8747,CO
Edith Bates,BID3997,TN
Steve Ballard,BID9218,WY
Charles Johnston,BID2435,NY
Winnie Garner,BID3969,NY
Lola Gray,BID3088,AK
Teresa Alexander,BID1892,MT
Dollie Mendez,BID5496,OR
Hulda Kelley,BID3698,CA
Leroy Fields,BID8799,MA
Alex Vasquez,BID2442,MS
Allie Burns,BID3573,MA
Bryan Gill,BID3864,OR
Charlie Ramos,BID3346,HI
Aiden Lyons,BID2353,DE
Ida Cain,BID1903,CA
Fanny Brock,BID4728,MO
Bobby Hawkins,BID9427,PA
Laura Ball,BID1287,OR
Lewis Jackson,BID3918,NY
Verna Mathis,BID6693,WV
Alejandro Marshall,BID7939,AL
Eula Robbins,BID3837,MS
Josie Murphy,BID3628,MS
Marian Wood,BID6152,RI
Raymond Simpson,BID8201,MT
Daniel Cross,BID8541,ME
Charlie Blake,BID2466,AL
Alta Allison,BID4859,NE
Frances Lee,BID7820,AK
Marvin Barnes,BID5316,WV
Nettie Ellis,BID2318,VT
Francis Hale,BID3183,NH
Beulah Montgomery,BID6304,VT
Joshua Martinez,BID2023,CO
Virginia Ingram,BID0504,CO
Andrew Schneider,BID1986,NC
Mitchell Nichols,BID2051,AZ
Harriet Warren,BID6357,LA
Todd Andrews,BID9190,DE
Katharine Summers,BID8099,MI
Jessie Massey,BID4459,OR
Clifford Barnes,BID4980,AR
Johnny Lambert,BID2302,AR
Tyler Hughes,BID4297,WV
Hallie Willis,BID6777,MD
Jordan Atkins,BID9490,VA
Sarah Bates,BID1931,FL
Brett Pittman,BID7031,KS
Jeff Jenkins,BID1368,CO
Eliza Allen,BID0433,KS
Eugenia Morgan,BID6517,LA
Eugenia Martin,BID7364,NH
Mario Sanchez,BID6050,AK
Benjamin Holland,BID7262,CT
Darrell Drake,BID2511,TN
Lettie Smith,BID1511,AL
Gregory Carson,BID0472,WV
Claudia Gordon,BID5326,WV
Susan Paul,BID3320,ND
Luke Webb,BID8454,SD
Edwin Coleman,BID1211,MN
Jason Carter,BID0338,MO
Bobby Carson,BID5141,IN
Patrick Swanson,BID2831,MO
Susie Haynes,BID3328,TN
Josie Goodwin,BID2857,SD
Eliza Graves,BID3355,OR
Hettie Hansen,BID9541,ME
Isaac Santiago,BID4059,WV
Tyler Salazar,BID7179,UT
Sam Murray,BID0981,AL
Allie Robinson,BID1235,HI
Jay Grant,BID3795,CA
Jordan Gomez,BID4637,CA
Matthew Ellis,BID7577,DE
Daniel Gregory,BID8237,AZ
Edwin Copeland,BID6592,FL
Josephine Mitchell,BID7391,ME
Seth Jordan,BID7744,MO
Daniel Roberts,BID8832,ME
Alberta Watkins,BID5908,CA
Frances Wells,BID2345,HI
Charlotte Barker,BID8162,ND
Katherine Parker,BID9478,IL
Sarah Newman,BID4561,AR
Kevin Burton,BID5361,CT
Fanny Hanson,BID4701,NJ
Bessie Rice,BID4132,TN
Charles Christensen,BID5656,RI
Sally Henderson,BID3024,MS
Tommy Drake,BID6893,VT
Ora Lawson,BID7235,DC
Corey Estrada,BID4096,FL
Katie Jennings,BID2734,UT
Connor Byrd,BID9090,KS
Dorothy Burns,BID3751,CT
Tillie McKinney,BID9767,CT
Gregory Bailey,BID6979,TN
Franklin Maldonado,BID1244,MI
Tyler Ortiz,BID9194,AL
Callie Harris,BID7691,AR
Madge Santiago,BID6934,MT
Daniel Brewer,BID2287,OR
Eddie Hogan,BID2672,MI
Jessie Allen,BID1343,SD
Lettie Hoffman,BID6531,AL
Juan Carlson,BID7392,VA
Carl Patrick,BID9996,MO
Eddie Jefferson,BID3601,IL
Emma Obrien,BID6355,OK
Nelle Bennett,BID7944,NY
Victoria Bryant,BID2579,MA
Christine Matthews,BID1888,MA
Estelle Colon,BID5767,GA
Isaac Bridges,BID1467,VA
Vincent Tyler,BID0826,ME
Isabelle Barrett,BID3289,MT
Linnie Lindsey,BID0893,AR
Jimmy Austin,BID6887,NE
Curtis Nash,BID1838,UT
Jared Huff,BID8019,MD
Abbie Kim,BID4661,MA
Clayton Phelps,BID2562,FL
Adele Day,BID2575,DE
Jay Howell,BID8456,UT
Sophia Phillips,BID3200,NE
Christian Franklin,BID2123,CT
Lizzie Henry,BID5647,DC
Bruce Frank,BID7340,MO
Willie Valdez,BID9275,RI
Marvin Ross,BID6317,NH
Randall Greer,BID7696,SD
Lora Bradley,BID6076,AR
Isabella Nelson,BID5437,TN
Bessie Cooper,BID9082,NE
Genevieve Clarke,BID2021,NH
Miguel Kelly,BID5573,NH
Austin Moody,BID8034,GA
Sean Ortiz,BID7970,GA
Don Maxwell,BID3433,UT
Elmer Bailey,BID9033,CT
Alma Carlson,BID5414,NE
Cameron Crawford,BID5347,OK
Katharine Howell,BID0047,KS
Darrell Pearson,BID1012,CT
Phoebe Burke,BID9266,HI
Elnora Mack,BID4105,AL
Maude Colon,BID1041,MO
Edith Bennett,BID9308,CA
David Howell,BID5638,MO
Ora Perkins,BID7075,KS
Blanche Mills,BID4625,LA
Rena Murphy,BID6474,MO
Henry Meyer,BID6905,IL
Augusta Wilkerson,BID0831,AZ
Gregory Peters,BID2930,ME
Howard Richards,BID9404,GA
Brandon May,BID8811,MN
Lena Castillo,BID2207,DC
Gordon Flowers,BID5533,AZ
Gussie Lamb,BID0743,OK
Harvey Fitzgerald,BID2365,AZ
Dale Adams,BID6014,NE
Dale Ellis,BID7018,RI
Theodore Morgan,BID1789,CO
Jose Henry,BID2480,NH
Mario Vargas,BID4531,NE
Steven McDonald,BID0893,AR
Charlotte McGee,BID0580,VA
Leroy Osborne,BID5822,KS
Miguel Valdez,BID2317,HI
Peter Beck,BID7802,FL
Myrtie Rice,BID5262,MO
Shawn Nash,BID1447,CT
Calvin Fields,BID3135,CT
Christine Bennett,BID9890,CT
Aaron Marshall,BID5354,LA
Nora Hayes,BID5122,TN
Jay Stewart,BID0587,IN
Kate Daniel,BID0363,WV
Christine Parsons,BID3728,OR
Eunice Chambers,BID0592,WY
Nora Arnold,BID7656,CA
Caroline Porter,BID0726,KS
Callie Santos,BID3790,WY
Virginia Klein,BID7039,ME
Eddie Weaver,BID0822,ME
Mario Montgomery,BID4527,OK
Beatrice Mann,BID0678,CA
Joel Henderson,BID9154,IA
Lucile Carson,BID3795,RI
Nannie Hudson,BID2303,MN
Lloyd Hernandez,BID4704,AZ
Marion Brown,BID3117,MA
Jeanette Gregory,BID8920,AL
Mario Barber,BID3609,AR
Fanny Dean,BID6897,AK
Christian Snyder,BID2023,NH
Raymond Gross,BID9543,DE
Linnie Fowler,BID2847,MD
Francis Baker,BID8789,OR
Daniel Collins,BID0108,MI
Theodore Palmer,BID7428,NH
Cordelia Parsons,BID4776,AK
Steven McKinney,BID0849,MA
Brandon Singleton,BID6338,SD
Cameron Cole,BID8912,RI
Julia Cain,BID1487,MO
Kathryn Baker,BID9615,RI
Christine Yates,BID2102,DC
Luke Welch,BID8499,AL
Sue McCarthy,BID8048,LA
Lina McCarthy,BID7830,WY
Rodney Holland,BID3502,MO
Isabella Graves,BID1952,MO
Christine Lyons,BID5788,NY
Mildred Powers,BID3659,AZ
Cecelia Baldwin,BID3665,GA
Polly Hall,BID9258,NJ
Devin Vaughn,BID6009,MA
Shawn Duncan,BID1498,AZ
Winnie Sims,BID8739,CA
Gabriel Greene,BID0543,MA
Albert Garza,BID1386,MA
Joe Conner,BID7558,AZ
Lydia Carroll,BID1330,KS
Vincent Robertson,BID5532,UT
Stanley Douglas,BID9410,WY
Alice McKenzie,BID5951,KS
Tillie Huff,BID5958,WV
Stephen Moody,BID1443,WV
Pauline Weaver,BID7045,MD
Esther Wolfe,BID7524,NC
Victor Reid,BID9101,MT
Rhoda Taylor,BID8972,FL
Olive Nash,BID1414,AL
Jim Cook,BID0722,DE
Lucile Buchanan,BID3629,NE
Trevor Lucas,BID1025,HI
Tony Newton,BID1044,ME
Helena Schultz,BID8732,WY
Edna Hughes,BID1231,MO
Maurice Allison,BID8103,SD
May Mullins,BID5560,AK
Lucas Shelton,BID3956,MO
Pearl Morris,BID3345,IN
Mike Pearson,BID7940,MO
Nathan Anderson,BID1966,IL
Teresa Watts,BID2402,SD
Hunter Brewer,BID9725,HI
Abbie Pierce,BID4764,OR
Dylan Maxwell,BID5368,DE
Pauline Clarke,BID4791,DC
Paul Walters,BID4746,ME
Cora Sherman,BID2268,AK
Mittie Soto,BID4777,AZ
Julia Rodriguez,BID7632,MO
Glenn Tran,BID9556,ME
Daniel Moran,BID7970,AZ
Lizzie Jimenez,BID5443,FL
Eunice Morales,BID4237,ME
Kenneth Simon,BID9235,NE
Lawrence Harper,BID8696,NE
Joel Fletcher,BID7192,AL
Alan Garza,BID3200,MO
Adrian Palmer,BID7511,CO
Christine Walsh,BID7914,MO
Kenneth Hogan,BID0401,CT
Maria Pena,BID8318,NJ
Donald Vaughn,BID3046,WY
Myrtie Graham,BID2160,TN
Frederick Dawson,BID2850,WV
Matthew Hamilton,BID2281,NC
Rhoda Harmon,BID2872,WY
Dean Colon,BID7894,NC
Glen Owen,BID8095,NY
Georgie Stephens,BID6642,UT
Russell Ryan,BID7340,MD
Devin Brown,BID6482,UT
Myrtie Gibbs,BID9807,MO
Agnes Burgess,BID3907,CA
Cynthia Saunders,BID6789,MD
Ryan Cain,BID3666,WV
Austin Perez,BID7816,WV
Ethan Leonard,BID7823,HI
Phoebe Lopez,BID4828,AK
Harold Leonard,BID0665,OR
Harvey Waters,BID5009,CO
Joe Burke,BID6329,CA
Calvin Mitchell,BID0197,LA
Ronnie Gregory,BID2648,NJ
Cody Smith,BID0933,HI
Patrick Roy,BID6600,LA
Margaret Smith,BID9879,MO
Craig Roberts,BID4350,AR
Amelia Flores,BID4663,HI
Elnora Harper,BID4136,MO
Frederick Lamb,BID4441,DE
Mattie Nash,BID2378,UT
Frank Fleming,BID8669,KS
Ricardo Powers,BID2542,MN
Esther Jennings,BID3664,SC
Loretta Fox,BID4895,MO
Lottie Palmer,BID0056,RI
Kenneth Gross,BID6015,IL
Eleanor Chandler,BID8338,AR
Susan Garrett,BID7422,MT
Mattie Jenkins,BID1541,NY
Allie Barker,BID8979,VT
Jason Thomas,BID6088,NY
Randy Floyd,BID3373,SD
Austin Ramsey,BID4557,AL
Alma Kim,BID4099,MO
Cody Schwartz,BID0814,SC
Daniel Greene,BID5033,ME
Lester Hunt,BID3284,WY
Warren Fowler,BID7982,FL
Robert Hunt,BID8005,AZ
Ora Rose,BID4949,VT
Rosalie Martin,BID9390,UT
Isaiah Allen,BID5069,NY
Henry Banks,BID2281,IL
Harold Barnes,BID3938,MD
Beulah Mann,BID6417,CO
Carl Stanley,BID8671,MA
Rosetta Harris,BID3168,HI
Nelle Moore,BID2455,NC
Elmer Luna,BID7781,AL
Ann Hall,BID2472,AL
Alex Hughes,BID7643,NH
Lizzie Garcia,BID5823,TN
Eric Fowler,BID4155,UT
Ernest Sullivan,BID4633,PA
Elijah Garza,BID4663,ME
Rachel Phelps,BID3679,IA
Elva Love,BID0179,TN
Dale Simon,BID0106,IA
Bernice Lloyd,BID9180,OR
Lucas Curry,BID3637,WV
Bernard Pierce,BID5071,MD
Ray Rose,BID0733,UT
Isabelle Chavez,BID5199,MA
Clarence Mason,BID9587,NE
Mattie Delgado,BID2144,OR
Winnie Robbins,BID0558,MN
Gordon Watkins,BID2512,GA
Melvin Robertson,BID0608,CT
Joe Rodgers,BID3541,UT
Lloyd Griffin,BID6486,TN
Elsie Garner,BID1382,NC
Blake Blake,BID5177,DC
Francis Harrison,BID0883,OR
Antonio Obrien,BID2197,PA
Mable Holland,BID2452,IL
Stephen McGuire,BID8255,MS
Alexander Curry,BID8817,NY
Leila Lamb,BID1674,MA
Verna Norris,BID2618,ND
Christina Barber,BID4198,WV
Lina Sandoval,BID3187,MS
Lillie Schwartz,BID8649,MS
Troy McDonald,BID6765,NC
Joshua Rhodes,BID8416,LA
Miguel Olson,BID3923,SD
Fanny Byrd,BID3938,MD
Rose Weber,BID6258,WV
Nell Dean,BID2160,NH
Adeline Alvarado,BID8149,MD
Theresa Rogers,BID1515,MN
Micheal Townsend,BID7794,TN
Janie Simpson,BID1676,DC
Isaac Rodriquez,BID1023,FL
Jennie Floyd,BID2932,WY
Pauline Garza,BID1810,ND
Mina Price,BID9938,CT
Allen Aguilar,BID6116,MA
Fanny Hudson,BID6489,NY
Jane Bell,BID8341,CT
Flora Lewis,BID5564,NE
Edith Alexander,BID3939,HI
Mike Scott,BID4209,WV
Patrick Snyder,BID2777,MI
Bradley Garcia,BID5474,RI
Ivan Cross,BID7534,AK
Estelle Greer,BID8146,HI
Lee Watkins,BID7794,AZ
Harry Houston,BID7403,MA
Roger Peterson,BID7062,OR
Delia Singleton,BID4118,WY
Micheal Poole,BID4483,DC
Sallie Poole,BID3933,FL
Brian Jimenez,BID8265,PA
Jesse Chambers,BID4399,NE
Marie Malone,BID2042,ME
Jerome Lamb,BID6498,MO
Bertha Ross,BID9605,CO
Maude Morgan,BID0496,AR
Millie Barker,BID9166,MT
Birdie Harrington,BID5538,RI
Isabelle Peters,BID6994,GA
Lois May,BID3008,AZ
Francisco Hicks,BID0015,AK
Darrell Turner,BID0418,KS
Barry Cunningham,BID9424,PA
Mollie Franklin,BID4520,MO
Norman Drake,BID6991,MN
Theodore Olson,BID4955,MO
Ethel Hawkins,BID7419,NY
Calvin Wilkins,BID3756,OK
Randall Morrison,BID1636,VA
Iva Lambert,BID4250,DE
Daniel Banks,BID9935,CA
Mattie Black,BID1255,MS
Jorge Paul,BID3641,NE
Alberta Bowen,BID2206,AZ
Chester Stephens,BID8567,DE
Glen Martinez,BID7135,NY
Danny Lloyd,BID7039,SC
Landon Paul,BID6042,KS
Roy Bridges,BID9706,NC
Laura Watson,BID0955,MN
Hulda Rowe,BID1857,AZ
Carlos Neal,BID7210,IN
Michael Ingram,BID8492,IN
Phoebe Gomez,BID5814,MS
Daniel Mills,BID6108,NE
Lucinda Hicks,BID2454,MS
Carolyn Bridges,BID7468,UT
Nicholas Daniels,BID8758,WV
Anne Mason,BID0998,NH
Tyler Garrett,BID2227,PA
Lillian Taylor,BID3695,HI
Kathryn Hunter,BID1985,AZ
Clarence Patterson,BID2471,CO
Susie Rivera,BID6677,NH
Jesse Hudson,BID6090,LA
Jeff Atkins,BID0408,KS
Ralph Mendez,BID8906,NE
Kenneth Goodman,BID5921,NY
Elijah Rogers,BID6823,AR
Lina Cook,BID9828,CT
Mattie Cunningham,BID8368,AZ
Tony Todd,BID0769,MN
Lelia Reese,BID4282,NE
Bernice French,BID3868,AZ
Bruce Conner,BID6250,AR
Olga Massey,BID0505,FL
Claudia Buchanan,BID5419,MD
Fannie Lloyd,BID2762,CT
Mamie Townsend,BID9800,NE
Lura Ramirez,BID9191,OR
Herman Rowe,BID8956,HI
Samuel Walsh,BID5480,HI
Jeremy Schwartz,BID9921,MN
Julia Hernandez,BID9530,OR
Sylvia Stanley,BID8773,MO
Delia Rose,BID5854,AR
Leah Hart,BID7562,WV
Arthur Powers,BID8084,UT
Eva Sullivan,BID6042,SD
Mae Lewis,BID2956,MO
Hallie Coleman,BID9889,KS
Essie Scott,BID5360,MS
Patrick Williams,BID8990,DE
Cecilia Wright,BID3075,SD
Nathan Webb,BID2776,DC
Helena Simon,BID8099,CA
Robert Greer,BID1960,SD
Isabella Elliott,BID2465,LA
Jorge Christensen,BID2969,NH
Frances Henry,BID4590,MS
Marvin Hines,BID6523,AZ
Roxie Vargas,BID9670,GA
Josephine Soto,BID9527,UT
Lettie Ford,BID7167,KS
Bernard Webb,BID1281,MO
Jean Rios,BID0663,HI
Victoria Romero,BID7049,RI
Jordan Brown,BID6445,NY
Bessie Stephens,BID3581,MO
Phoebe Osborne,BID8197,MO
Lula Banks,BID5694,DC
Alan Phillips,BID3724,IL
Marian Watson,BID6484,ME
Phillip Vaughn,BID4160,HI
Dylan Mitchell,BID9947,CA
Tom Jordan,BID2508,TN
Bill Crawford,BID3263,MA
Hallie Blake,BID2581,MA
Cody Mason,BID5068,IL
Dennis Soto,BID0050,KS
Leonard Reyes,BID9219,FL
Josie Clark,BID0781,AL
Warren Morton,BID0053,AZ
Angel Stewart,BID1427,FL
Glen Gregory,BID2832,ND
Lulu Wilkerson,BID6334,AK
Ray Terry,BID3938,DE
Bryan Romero,BID4646,NC
Lucy Reyes,BID2485,AR
Landon Medina,BID5688,TN
Mabelle Frazier,BID0992,IL
Eugene Pittman,BID0489,CT
Francis Long,BID8207,WI
Floyd Adkins,BID5116,MD
Maggie Swanson,BID3491,NY
Darrell Silva,BID1419,CO
Theresa Reed,BID8538,MO
Zachary Parsons,BID3689,SC
Olivia Harvey,BID4466,HI
Blake Guerrero,BID6576,TN
David Bowers,BID4974,NC
Earl Luna,BID5893,WI
Barbara Maxwell,BID1892,SD
Minerva Goodwin,BID1946,MO
Victor Jenkins,BID7087,GA
Bess Morales,BID4126,NH
Randy Wood,BID1229,FL
Bess Gill,BID7934,WV
Jeremiah Evans,BID0525,AR
Belle Robertson,BID8679,TN
Hannah Foster,BID9669,ND
Susan Dixon,BID2111,GA
Rosetta King,BID4121,UT
Elijah Parker,BID5419,MI
Sophia Rose,BID7970,FL
Alejandro Lowe,BID0330,AZ
Lou Logan,BID9896,CT
Bess Graves,BID5584,NH
Lucy Keller,BID3550,NE
Joseph Luna,BID2090,WV
Lura Reynolds,BID2575,DE
Frances Rhodes,BID5783,VT
Ethan Poole,BID1422,KS
Ida Taylor,BID6583,MN
Millie Curry,BID8069,SD
Ruth White,BID9199,NJ
Katie Banks,BID6322,KS
Earl Marshall,BID4196,WV
Edward Jackson,BID5497,MN
Owen Francis,BID2652,CO
Rosalie Peterson,BID1668,HI
Alejandro Welch,BID0522,MS
Dustin Sparks,BID3692,TN
Marcus Fernandez,BID2814,UT
Henry Powell,BID1131,UT
Mario Fernandez,BID4414,TN
Clayton Barrett,BID6059,NV
Cornelia Berry,BID5817,NH
Trevor Stephens,BID8728,HI
Mae Williamson,BID1483,FL
Bettie Sherman,BID6434,CO
Danny Bush,BID5749,ME
Charles Freeman,BID4915,GA
Sylvia Alvarado,BID3086,AL
Nannie Morrison,BID0170,WV
Seth Todd,BID4123,MS
Dustin Weber,BID7549,ND
Warren Franklin,BID6126,CA
Olivia Ryan,BID3156,GA
Alta Walker,BID5347,WV
Lenora Medina,BID5234,ND
Eunice White,BID7034,RI
Derek Garza,BID2305,CA
Lulu Gutierrez,BID5004,IN
Mario Mack,BID4834,RI
Minerva Collins,BID9248,HI
Isaac Lane,BID2708,UT
Ryan Hodges,BID2818,ME
Thomas Ward,BID9901,KS
Mabel Nelson,BID5122,CT
Della Estrada,BID1804,NC
Myrtie Oliver,BID5803,UT
Luella Tate,BID2285,MN
Polly Park,BID6503,IL
Celia Roy,BID6314,UT
Blake Gray,BID6356,IA
Pearl Owens,BID4146,CT
Nathaniel Reese,BID7061,TN
Beatrice Kelley,BID4013,SD
Beatrice Gibbs,BID3039,AR
Kevin Hall,BID9867,NC
Hannah Cohen,BID7185,RI
Katie Moore,BID4532,VA
Lida Lawson,BID4678,UT
Isaac Arnold,BID5844,PA
Connor Carson,BID7448,AK
Alberta Duncan,BID3797,DC
Ruby Nelson,BID3835,TN
Tommy Spencer,BID5543,WY
Leroy Gutierrez,BID1162,SD
Randy Rowe,BID7800,MO
Mildred Cortez,BID2244,MO
Earl Garner,BID6691,LA
Gabriel Carroll,BID8680,HI
Seth Walker,BID5055,LA
Sean Duncan,BID3157,MI
Harriett Gutierrez,BID7471,CA
Hester Pierce,BID2452,CO
Lora Sparks,BID3355,AK
Justin Dawson,BID9434,NC
Nelle Pierce,BID2823,MS
Charlotte Bass,BID4459,AL
Marc Shelton,BID7989,KS
Lucille Morgan,BID8073,ND
Dorothy Matthews,BID6043,WI
Phillip Oliver,BID6323,AR
Ollie Burton,BID5452,NV
Alejandro Aguilar,BID3500,KS
Aaron Martin,BID4367,NJ
Katherine Ortiz,BID5138,HI
Ricardo Chavez,BID3571,SD
Julian Tyler,BID1420,AK
Francisco Ford,BID6879,SD
Jon Greer,BID1989,CA
Thomas Potter,BID7478,CA
Isaac Massey,BID7621,ME
Edna Delgado,BID9619,CA
Celia Malone,BID8834,CO
Christian Boyd,BID4888,HI
Polly May,BID1756,UT
Marcus Barker,BID8644,MN
Jeffery Rivera,BID2142,GA
Ann Caldwell,BID0598,SC
Chris Swanson,BID7337,MO
Zachary Parsons,BID6378,WV
Nannie Powers,BID3382,AL
Chad Nunez,BID4532,SD